date,open,high,low,close,adjusted_close,volume
2022-01-02,1.3529,1.3535,1.3521,1.3522,1.3522,79
2022-01-03,1.3522,1.353,1.3431,1.3483,1.3483,690
2022-01-04,1.3483,1.3558,1.346,1.353,1.353,189
2022-01-05,1.353,1.3599,1.3523,1.3555,1.3555,74
2022-01-06,1.3555,1.3559,1.3491,1.3533,1.3533,495
2022-01-07,1.3533,1.3598,1.3528,1.3589,1.3589,61
2022-01-09,1.3583,1.3594,1.3579,1.3592,1.3592,43
2022-01-10,1.3592,1.3604,1.3532,1.358,1.358,459
2022-01-11,1.358,1.3637,1.3562,1.3633,1.3633,154
2022-01-12,1.3633,1.3715,1.3621,1.3706,1.3706,106
2022-01-13,1.3706,1.3749,1.3701,1.3713,1.3713,57
2022-01-14,1.3713,1.3743,1.3654,1.3676,1.3676,456
2022-01-16,1.3676,1.3681,1.3666,1.3673,1.3673,94
2022-01-17,1.3673,1.369,1.3638,1.3648,1.3648,280
2022-01-18,1.3648,1.3662,1.3573,1.36,1.36,565
2022-01-19,1.36,1.3649,1.3588,1.3609,1.3609,105
2022-01-20,1.361,1.3662,1.3587,1.3597,1.3597,187
2022-01-21,1.3597,1.3602,1.3546,1.3553,1.3553,396
2022-01-23,1.3553,1.3556,1.3547,1.3555,1.3555,65
2022-01-24,1.3555,1.3566,1.3441,1.3489,1.3489,866
2022-01-25,1.3488,1.3519,1.3436,1.351,1.351,405
2022-01-26,1.351,1.3525,1.3445,1.3468,1.3468,502
2022-01-27,1.3467,1.3467,1.3358,1.3388,1.3388,831
2022-01-28,1.3388,1.3433,1.3365,1.34,1.34,186
2022-01-30,1.3397,1.3405,1.3387,1.3403,1.3403,95
2022-01-31,1.3403,1.3461,1.3393,1.3445,1.3445,90
2022-02-01,1.3445,1.3528,1.3435,1.3525,1.3525,95
2022-02-02,1.3525,1.3588,1.3517,1.3564,1.3564,78
2022-02-03,1.3564,1.3628,1.3538,1.3598,1.3598,211
2022-02-04,1.3598,1.3615,1.3505,1.3533,1.3533,700
2022-02-06,1.3538,1.3548,1.3531,1.3533,1.3533,74
2022-02-07,1.3533,1.3551,1.3491,1.3537,1.3537,334
2022-02-08,1.3537,1.3564,1.3508,1.3547,1.3547,236
2022-02-09,1.3547,1.3589,1.3527,1.3533,1.3533,169
2022-02-10,1.3533,1.3644,1.3524,1.3549,1.3549,88
2022-02-11,1.3549,1.361,1.3514,1.3557,1.3557,277
2022-02-13,1.3554,1.3572,1.3553,1.3569,1.3569,31
2022-02-14,1.3569,1.3572,1.3495,1.3532,1.3532,564
2022-02-15,1.3532,1.3567,1.3487,1.3541,1.3541,358
2022-02-16,1.3541,1.3601,1.3539,1.3582,1.3582,33
2022-02-17,1.3582,1.3638,1.3556,1.3615,1.3615,210
2022-02-18,1.3615,1.3643,1.3573,1.3588,1.3588,324
2022-02-20,1.3592,1.3599,1.3588,1.3591,1.3591,51
2022-02-21,1.3592,1.3639,1.3582,1.3595,1.3595,90
2022-02-22,1.3595,1.3605,1.3539,1.3589,1.3589,436
2022-02-23,1.3589,1.3621,1.3536,1.3545,1.3545,410
2022-02-24,1.3545,1.3547,1.3273,1.3372,1.3372,2028
2022-02-25,1.3372,1.3439,1.3367,1.341,1.341,56
2022-02-27,1.3337,1.3375,1.3329,1.3372,1.3372,82
2022-02-28,1.3372,1.3432,1.3342,1.3422,1.3422,248
2022-03-01,1.3422,1.3438,1.3302,1.3336,1.3336,911
2022-03-02,1.3336,1.3408,1.3272,1.3397,1.3397,498
2022-03-03,1.3397,1.3418,1.3318,1.3351,1.3351,609
2022-03-04,1.335,1.3352,1.3203,1.323,1.323,1127
2022-03-06,1.3227,1.3244,1.3202,1.3212,1.3212,207
2022-03-07,1.3212,1.3229,1.3102,1.3114,1.3114,849
2022-03-08,1.3114,1.3145,1.3082,1.3099,1.3099,258
2022-03-09,1.3099,1.319,1.3099,1.3185,1.3185,20
2022-03-10,1.3185,1.3195,1.3082,1.3103,1.3103,802
2022-03-11,1.3103,1.3125,1.3028,1.3035,1.3035,593
2022-03-13,1.3043,1.3053,1.3032,1.305,1.305,101
2022-03-14,1.305,1.3079,1.3001,1.301,1.301,391
2022-03-15,1.301,1.3089,1.3001,1.3044,1.3044,92
2022-03-16,1.3044,1.3157,1.3036,1.314,1.314,83
2022-03-17,1.314,1.3211,1.3088,1.3159,1.3159,418
2022-03-18,1.3159,1.3197,1.3122,1.3178,1.3178,298
2022-03-20,1.3179,1.318,1.3159,1.316,1.316,168
2022-03-21,1.316,1.321,1.3127,1.3169,1.3169,268
2022-03-22,1.3169,1.3272,1.3155,1.3266,1.3266,127
2022-03-23,1.3266,1.3299,1.3175,1.3206,1.3206,704
2022-03-24,1.3206,1.3214,1.3157,1.3194,1.3194,386
2022-03-25,1.3194,1.3225,1.3159,1.3182,1.3182,284
2022-03-27,1.3182,1.3187,1.3169,1.3173,1.3173,119
2022-03-28,1.3173,1.3177,1.3067,1.3099,1.3099,827
2022-03-29,1.3099,1.3106,1.3079,1.3093,1.3093,179
2022-03-30,1.3093,1.3183,1.3089,1.3138,1.3138,52
2022-03-31,1.3138,1.3176,1.3106,1.3146,1.3146,256
2022-04-01,1.3146,1.3147,1.3087,1.3115,1.3115,470
2022-04-03,1.3106,1.3112,1.31,1.3105,1.3105,70
2022-04-04,1.3105,1.3137,1.3093,1.3113,1.3113,106
2022-04-05,1.3113,1.3167,1.3067,1.3077,1.3077,369
2022-04-06,1.3077,1.3108,1.3046,1.3069,1.3069,257
2022-04-07,1.3069,1.3107,1.3052,1.3069,1.3069,152
2022-04-08,1.3069,1.3077,1.2982,1.3037,1.3037,684
2022-04-10,1.3031,1.304,1.3025,1.303,1.303,69
2022-04-11,1.303,1.3057,1.2989,1.3023,1.3023,333
2022-04-12,1.3023,1.3054,1.2994,1.3002,1.3002,242
2022-04-13,1.3002,1.3123,1.2973,1.3119,1.3119,242
2022-04-14,1.3119,1.3148,1.3034,1.3076,1.3076,669
2022-04-15,1.3054,1.3075,1.3051,1.3062,1.3062,37
2022-04-17,1.3055,1.3065,1.305,1.3057,1.3057,54
2022-04-18,1.3057,1.3058,1.3001,1.3008,1.3008,446
2022-04-19,1.3008,1.3041,1.2981,1.3014,1.3014,228
2022-04-20,1.3014,1.3074,1.2997,1.3068,1.3068,154
2022-04-21,1.3068,1.3091,1.3023,1.3025,1.3025,367
2022-04-22,1.3025,1.3033,1.2823,1.2838,1.2838,1569
2022-04-24,1.2839,1.2843,1.2826,1.2828,1.2828,116
2022-04-25,1.2828,1.283,1.2698,1.2738,1.2738,1039
2022-04-26,1.2738,1.2772,1.256,1.2582,1.2582,1414
2022-04-27,1.2582,1.2602,1.2503,1.254,1.254,647
2022-04-28,1.254,1.257,1.2412,1.2465,1.2465,1043
2022-04-29,1.2465,1.2615,1.2465,1.2576,1.2576,20
2022-05-01,1.2584,1.2589,1.257,1.2571,1.2571,131
2022-05-02,1.2571,1.2597,1.2473,1.25,1.25,796
2022-05-03,1.25,1.2567,1.2471,1.2499,1.2499,252
2022-05-04,1.2499,1.2638,1.2452,1.2617,1.2617,393
2022-05-05,1.2617,1.2633,1.2325,1.2363,1.2363,2330
2022-05-06,1.2363,1.2381,1.2276,1.2339,1.2339,717
2022-05-08,1.234,1.2348,1.2325,1.2326,1.2326,140
2022-05-09,1.2326,1.2406,1.2261,1.2336,1.2336,545
2022-05-10,1.2336,1.2376,1.2292,1.2307,1.2307,381
2022-05-11,1.2307,1.2401,1.2232,1.2234,1.2234,631
2022-05-12,1.2234,1.2249,1.2165,1.2205,1.2205,576
2022-05-13,1.2205,1.2263,1.2156,1.2262,1.2262,419
2022-05-15,1.2262,1.2297,1.2219,1.2259,1.2259,0
2022-05-16,1.2261,1.233,1.2217,1.2326,1.2326,373
2022-05-17,1.2326,1.2499,1.2321,1.2487,1.2487,59
2022-05-18,1.2487,1.2501,1.233,1.2345,1.2345,1280
2022-05-19,1.2344,1.2525,1.2338,1.2463,1.2463,69
2022-05-20,1.2463,1.2497,1.2438,1.2494,1.2494,225
2022-05-22,1.2483,1.251,1.2476,1.2504,1.2504,73
2022-05-23,1.2504,1.2601,1.25,1.2567,1.2567,47
2022-05-24,1.2566,1.2599,1.2472,1.2542,1.2542,772
2022-05-25,1.2542,1.2595,1.2481,1.2586,1.2586,501
2022-05-26,1.2586,1.2621,1.2552,1.2617,1.2617,291
2022-05-27,1.2617,1.2617,1.2617,1.2617,1.2617,20
2022-05-29,1.2625,1.2637,1.2623,1.2625,1.2625,33
2022-05-30,1.2625,1.266,1.2616,1.2646,1.2646,86
2022-05-31,1.2646,1.2649,1.2561,1.261,1.261,694
2022-06-01,1.261,1.2617,1.2459,1.2484,1.2484,1217
2022-06-02,1.2484,1.2587,1.247,1.2579,1.2579,134
2022-06-03,1.2578,1.259,1.2486,1.2489,1.2489,756
2022-06-05,1.249,1.2503,1.2487,1.249,1.249,42
2022-06-06,1.2491,1.2578,1.2477,1.2524,1.2524,128
2022-06-07,1.2524,1.26,1.2431,1.2588,1.2588,761
2022-06-08,1.2588,1.2589,1.2516,1.2541,1.2541,593
2022-06-09,1.2541,1.2559,1.2487,1.2493,1.2493,451
2022-06-10,1.2493,1.2518,1.2301,1.2317,1.2317,1552
2022-06-12,1.2319,1.2326,1.2272,1.2277,1.2277,402
2022-06-13,1.2277,1.2301,1.2108,1.2143,1.2143,1401
2022-06-14,1.2143,1.2209,1.1934,1.2011,1.2011,1739
2022-06-15,1.2011,1.2205,1.199,1.2175,1.2175,199
2022-06-16,1.2175,1.2407,1.2041,1.2351,1.2351,1115
2022-06-17,1.2351,1.2351,1.2173,1.2221,1.2221,1458
2022-06-19,1.2225,1.2232,1.2208,1.2228,1.2228,152
2022-06-20,1.2228,1.2281,1.22,1.2248,1.2248,251
2022-06-21,1.2248,1.2325,1.2245,1.2264,1.2264,46
2022-06-22,1.2264,1.2315,1.2161,1.2253,1.2253,858
2022-06-23,1.2252,1.2295,1.217,1.226,1.226,692
2022-06-24,1.226,1.2321,1.2241,1.2276,1.2276,174
2022-06-26,1.2268,1.2297,1.2266,1.2283,1.2283,35
2022-06-27,1.2283,1.2333,1.2261,1.2267,1.2267,192
2022-06-28,1.2267,1.2292,1.2175,1.2188,1.2188,763
2022-06-29,1.2188,1.2214,1.2106,1.2129,1.2129,694
2022-06-30,1.2129,1.2189,1.2092,1.2161,1.2161,325
2022-07-01,1.2161,1.2162,1.1976,1.2102,1.2102,1540
2022-07-03,1.2103,1.2124,1.2098,1.21,1.21,56
2022-07-04,1.21,1.2165,1.2085,1.2114,1.2114,145
2022-07-05,1.2113,1.2126,1.1899,1.1952,1.1952,1791
2022-07-06,1.1951,1.199,1.1876,1.1922,1.1922,649
2022-07-07,1.1922,1.2034,1.1909,1.2029,1.2029,129
2022-07-08,1.2029,1.2056,1.192,1.2034,1.2034,928
2022-07-10,1.2018,1.202,1.1869,1.2017,1.2017,0
2022-07-11,1.201,1.2012,1.1867,1.1899,1.1899,1216
2022-07-12,1.1899,1.1916,1.1807,1.1878,1.1878,792
2022-07-13,1.1878,1.1968,1.1828,1.1864,1.1864,439
2022-07-14,1.1864,1.1885,1.176,1.1841,1.1841,896
2022-07-15,1.1841,1.1875,1.1805,1.1869,1.1869,326
2022-07-17,1.1869,1.1891,1.1863,1.189,1.189,69
2022-07-18,1.189,1.2034,1.1875,1.1949,1.1949,149
2022-07-19,1.1949,1.2046,1.1925,1.2003,1.2003,219
2022-07-20,1.2003,1.2038,1.1954,1.1968,1.1968,426
2022-07-21,1.1968,1.2005,1.189,1.1996,1.1996,669
2022-07-22,1.1996,1.2064,1.1917,1.2007,1.2007,676
2022-07-24,1.1992,1.1992,1.1985,1.1986,1.1986,72
2022-07-25,1.1986,1.2087,1.1961,1.2054,1.2054,228
2022-07-26,1.2054,1.209,1.1964,1.2036,1.2036,765
2022-07-27,1.2035,1.2186,1.2021,1.2162,1.2162,142
2022-07-28,1.2162,1.2192,1.2104,1.2173,1.2173,503
2022-07-29,1.2173,1.2246,1.2063,1.2181,1.2181,923
2022-07-31,1.2173,1.2179,1.2157,1.2168,1.2168,147
2022-08-01,1.2168,1.2294,1.2163,1.2257,1.2257,60
2022-08-02,1.2258,1.2279,1.2141,1.2144,1.2144,972
2022-08-03,1.2144,1.2208,1.21,1.2139,1.2139,381
2022-08-04,1.2142,1.2217,1.2066,1.2159,1.2159,644
2022-08-05,1.2159,1.2169,1.2004,1.2072,1.2072,1294
2022-08-07,1.2069,1.2072,1.2057,1.2061,1.2061,116
2022-08-08,1.2061,1.2138,1.2048,1.2086,1.2086,131
2022-08-09,1.2085,1.213,1.2063,1.2072,1.2072,202
2022-08-10,1.2072,1.2277,1.2065,1.221,1.221,73
2022-08-11,1.221,1.225,1.2183,1.2195,1.2195,248
2022-08-12,1.2195,1.2216,1.21,1.2138,1.2138,798
2022-08-14,1.2136,1.214,1.2127,1.2127,1.2127,97
2022-08-15,1.2127,1.2148,1.205,1.2057,1.2057,654
2022-08-16,1.2056,1.2118,1.2008,1.2095,1.2095,421
2022-08-17,1.2095,1.2144,1.2028,1.2046,1.2046,570
2022-08-18,1.2046,1.208,1.1923,1.1931,1.1931,1038
2022-08-19,1.1931,1.1934,1.1792,1.183,1.183,1183
2022-08-21,1.1823,1.1834,1.1811,1.1819,1.1819,119
2022-08-22,1.1819,1.1837,1.1742,1.1766,1.1766,669
2022-08-23,1.1766,1.1878,1.1718,1.183,1.183,428
2022-08-24,1.183,1.1836,1.1756,1.1791,1.1791,647
2022-08-25,1.1791,1.1864,1.1784,1.1823,1.1823,76
2022-08-26,1.1823,1.1901,1.1734,1.174,1.174,776
2022-08-28,1.1693,1.1693,1.1688,1.1689,1.1689,55
2022-08-29,1.1691,1.1744,1.1648,1.1722,1.1722,381
2022-08-30,1.1722,1.1761,1.1622,1.1659,1.1659,870
2022-08-31,1.1659,1.1694,1.1594,1.1597,1.1597,574
2022-09-01,1.1597,1.1617,1.1499,1.1547,1.1547,864
2022-09-02,1.1547,1.1589,1.1496,1.1515,1.1515,462
2022-09-04,1.1479,1.1521,1.1445,1.1475,1.1475,0
2022-09-05,1.1479,1.1567,1.1444,1.1565,1.1565,323
2022-09-06,1.1565,1.161,1.1495,1.1511,1.1511,624
2022-09-07,1.1511,1.1541,1.1405,1.1522,1.1522,934
2022-09-08,1.1522,1.1561,1.1461,1.152,1.152,556
2022-09-09,1.152,1.1648,1.1516,1.1588,1.1588,59
2022-09-11,1.1627,1.1639,1.1603,1.162,1.162,230
2022-09-12,1.162,1.1711,1.1601,1.1689,1.1689,186
2022-09-13,1.1689,1.1738,1.1482,1.1503,1.1503,1792
2022-09-14,1.1503,1.159,1.148,1.1545,1.1545,213
2022-09-15,1.1545,1.1548,1.1451,1.1452,1.1452,829
2022-09-16,1.1452,1.1481,1.1351,1.1424,1.1424,904
2022-09-18,1.1418,1.1441,1.1412,1.1434,1.1434,71
2022-09-19,1.1434,1.1446,1.1356,1.1445,1.1445,708
2022-09-20,1.1445,1.1461,1.1358,1.1381,1.1381,782
2022-09-21,1.1381,1.1385,1.1237,1.1257,1.1257,1284
2022-09-22,1.1258,1.1365,1.1212,1.1263,1.1263,431
2022-09-23,1.1263,1.1274,1.084,1.0851,1.0851,3776
2022-09-25,1.0814,1.0846,1.078,1.0793,1.0793,329
2022-09-26,1.0793,1.0931,1.0344,1.0766,1.0766,4185
2022-09-27,1.0767,1.0838,1.0659,1.0726,1.0726,1017
2022-09-28,1.0726,1.0916,1.054,1.0831,1.0831,1756
2022-09-29,1.0831,1.1204,1.0762,1.1172,1.1172,656
2022-09-30,1.1172,1.1235,1.1026,1.1163,1.1163,1329
2022-10-02,1.1171,1.1195,1.1128,1.1136,1.1136,400
2022-10-03,1.1136,1.1342,1.1086,1.1338,1.1338,467
2022-10-04,1.1338,1.1489,1.1281,1.1451,1.1451,528
2022-10-05,1.1451,1.1496,1.1227,1.1356,1.1356,1973
2022-10-06,1.1356,1.1384,1.1113,1.1162,1.1162,2162
2022-10-07,1.1162,1.1225,1.1056,1.1094,1.1094,968
2022-10-09,1.1093,1.1095,1.1062,1.1073,1.1073,301
2022-10-10,1.1073,1.1112,1.102,1.1079,1.1079,498
2022-10-11,1.1079,1.118,1.0953,1.0964,1.0964,1159
2022-10-12,1.0964,1.1134,1.0924,1.1101,1.1101,387
2022-10-13,1.1101,1.1381,1.1057,1.1302,1.1302,413
2022-10-14,1.1302,1.1367,1.1152,1.118,1.118,1342
2022-10-16,1.1226,1.1251,1.1213,1.1242,1.1242,132
2022-10-17,1.1242,1.144,1.1216,1.1352,1.1352,247
2022-10-18,1.1352,1.1411,1.1256,1.1343,1.1343,866
2022-10-19,1.1343,1.1351,1.1185,1.1218,1.1218,1405
2022-10-20,1.1225,1.1293,1.1064,1.1221,1.1221,0
2022-10-21,1.1105,1.1315,1.1061,1.1298,1.1298,418
2022-10-23,1.1381,1.1409,1.1308,1.1336,1.1336,661
2022-10-24,1.1337,1.1383,1.1258,1.1306,1.1306,711
2022-10-25,1.1306,1.15,1.1272,1.1459,1.1459,326
2022-10-26,1.1459,1.1641,1.1431,1.1639,1.1639,264
2022-10-27,1.1639,1.1646,1.1549,1.1565,1.1565,792
2022-10-28,1.1565,1.1624,1.1504,1.1614,1.1614,546
2022-10-30,1.1594,1.1607,1.1587,1.1595,1.1595,82
2022-10-31,1.1595,1.1614,1.1459,1.1468,1.1468,1192
2022-11-01,1.1468,1.1566,1.1437,1.1489,1.1489,285
2022-11-02,1.1489,1.1565,1.1375,1.1384,1.1384,1011
2022-11-03,1.1384,1.1422,1.115,1.117,1.117,2077
2022-11-04,1.1171,1.1382,1.1147,1.1375,1.1375,233
2022-11-06,1.1314,1.1342,1.1306,1.1331,1.1331,96
2022-11-07,1.1331,1.1542,1.1291,1.1513,1.1513,376
2022-11-08,1.1513,1.1599,1.143,1.1552,1.1552,739
2022-11-09,1.1552,1.1567,1.1334,1.1368,1.1368,1907
2022-11-10,1.1368,1.1732,1.1363,1.1695,1.1695,63
2022-11-11,1.1695,1.1855,1.1648,1.1836,1.1836,422
2022-11-13,1.1818,1.1818,1.1767,1.1797,1.1797,448
2022-11-14,1.1797,1.1829,1.1711,1.1752,1.1752,753
2022-11-15,1.1752,1.203,1.1741,1.188,1.188,111
2022-11-16,1.188,1.1942,1.1832,1.1914,1.1914,425
2022-11-17,1.1914,1.1958,1.1763,1.1859,1.1859,1290
2022-11-18,1.1859,1.1951,1.1859,1.1883,1.1883,25
2022-11-20,1.1902,1.1902,1.1881,1.1885,1.1885,193
2022-11-21,1.1885,1.1887,1.1779,1.1827,1.1827,915
2022-11-22,1.1827,1.1903,1.1822,1.1894,1.1894,55
2022-11-23,1.1894,1.2081,1.1873,1.2077,1.2077,196
2022-11-24,1.2077,1.2154,1.2059,1.2113,1.2113,169
2022-11-25,1.2113,1.2128,1.2059,1.2097,1.2097,466
2022-11-27,1.2072,1.2079,1.2051,1.2054,1.2054,193
2022-11-28,1.2054,1.2118,1.1941,1.196,1.196,961
2022-11-29,1.196,1.2065,1.1942,1.1946,1.1946,167
2022-11-30,1.1946,1.2089,1.1901,1.2075,1.2075,404
2022-12-01,1.2075,1.2307,1.207,1.2259,1.2259,63
2022-12-02,1.2259,1.23,1.2135,1.2293,1.2293,1033
2022-12-04,1.2279,1.2297,1.2271,1.2297,1.2297,84
2022-12-05,1.2296,1.2345,1.2162,1.2193,1.2193,1113
2022-12-06,1.2193,1.227,1.2127,1.2133,1.2133,559
2022-12-07,1.2133,1.2235,1.2107,1.221,1.221,234
2022-12-08,1.221,1.2247,1.2155,1.2234,1.2234,470
2022-12-09,1.2234,1.2323,1.2203,1.2265,1.2265,269
2022-12-11,1.2261,1.2272,1.2233,1.2236,1.2236,249
2022-12-12,1.2236,1.2299,1.2207,1.2269,1.2269,255
2022-12-13,1.2269,1.2444,1.2249,1.2355,1.2355,189
2022-12-14,1.2355,1.2447,1.2342,1.2419,1.2419,120
2022-12-15,1.2419,1.2426,1.2156,1.2191,1.2191,2131
2022-12-16,1.2191,1.2223,1.212,1.2144,1.2144,599
2022-12-18,1.2153,1.217,1.2153,1.216,1.216,24
2022-12-19,1.216,1.2242,1.2121,1.2155,1.2155,339
2022-12-20,1.2155,1.2224,1.2086,1.2189,1.2189,586
2022-12-21,1.2189,1.219,1.2055,1.2077,1.2077,1112
2022-12-22,1.2077,1.2148,1.1993,1.2038,1.2038,711
2022-12-23,1.2038,1.209,1.2019,1.2052,1.2052,181
2022-12-25,1.2068,1.2069,1.2054,1.2067,1.2067,136
2022-12-26,1.2066,1.2093,1.2053,1.2083,1.2083,130
2022-12-27,1.2083,1.2113,1.2003,1.2027,1.2027,683
2022-12-28,1.2027,1.2126,1.2003,1.2028,1.2028,222
2022-12-29,1.2028,1.2079,1.2015,1.2055,1.2055,129
2022-12-30,1.2055,1.2108,1.201,1.2094,1.2094,397
2023-01-01,1.2069,1.2099,1.2031,1.2043,1.2043,46975
2023-01-02,1.2087,1.21,1.2035,1.2063,1.2063,450
2023-01-03,1.2063,1.2085,1.1901,1.1967,1.1967,1368
2023-01-04,1.1967,1.2088,1.1966,1.2057,1.2057,24
2023-01-05,1.2057,1.2078,1.1873,1.1909,1.1909,1539
2023-01-06,1.191,1.21,1.1841,1.2094,1.2094,591
2023-01-08,1.2088,1.2121,1.2087,1.212,1.212,29
2023-01-09,1.212,1.221,1.2094,1.2184,1.2184,234
2023-01-10,1.2184,1.2198,1.211,1.2154,1.2154,626
2023-01-11,1.2154,1.2179,1.21,1.2159,1.2159,458
2023-01-12,1.2159,1.2247,1.2088,1.2217,1.2217,607
2023-01-13,1.2217,1.2249,1.2151,1.2235,1.2235,563
2023-01-15,1.2223,1.2234,1.2221,1.2224,1.2224,33
2023-01-16,1.2224,1.229,1.2172,1.2208,1.2208,445
2023-01-17,1.2208,1.2299,1.217,1.2284,1.2284,337
2023-01-18,1.2284,1.2436,1.2255,1.2347,1.2347,256
2023-01-19,1.2347,1.2399,1.2313,1.2393,1.2393,294
2023-01-20,1.2393,1.2405,1.2336,1.24,1.24,478
2023-01-22,1.2401,1.2415,1.2398,1.2406,1.2406,37
2023-01-23,1.2406,1.2448,1.2324,1.2379,1.2379,686
2023-01-24,1.2379,1.2414,1.2263,1.2332,1.2332,955
2023-01-25,1.2332,1.2419,1.2283,1.2411,1.2411,412
2023-01-26,1.2411,1.2431,1.2345,1.2414,1.2414,549
2023-01-27,1.2415,1.2419,1.2346,1.2399,1.2399,574
2023-01-29,1.2392,1.2401,1.2378,1.2401,1.2401,130
2023-01-30,1.2401,1.2418,1.2337,1.235,1.235,530
2023-01-31,1.235,1.2371,1.2285,1.2309,1.2309,549
2023-02-01,1.2309,1.2402,1.2273,1.2388,1.2388,307
2023-02-02,1.2388,1.2401,1.222,1.2221,1.2221,1376
2023-02-03,1.2221,1.2266,1.2048,1.2054,1.2054,1442
2023-02-05,1.2037,1.2057,1.2036,1.2044,1.2044,29
2023-02-06,1.2043,1.2078,1.2006,1.2027,1.2027,331
2023-02-07,1.2027,1.2096,1.1961,1.2054,1.2054,562
2023-02-08,1.2054,1.211,1.2039,1.2071,1.2071,145
2023-02-09,1.2071,1.2194,1.2057,1.2116,1.2116,133
2023-02-10,1.2116,1.2139,1.2047,1.2059,1.2059,585
2023-02-12,1.2066,1.2066,1.2047,1.2052,1.2052,176
2023-02-13,1.2051,1.2152,1.2031,1.215,1.215,190
2023-02-14,1.2151,1.2269,1.2118,1.2174,1.2174,291
2023-02-15,1.2174,1.2182,1.199,1.2037,1.2037,1529
2023-02-16,1.2037,1.2074,1.1966,1.1974,1.1974,612
2023-02-17,1.1974,1.2049,1.1915,1.2043,1.2043,515
2023-02-19,1.2029,1.2038,1.2025,1.2029,1.2029,53
2023-02-20,1.2029,1.2057,1.2015,1.2039,1.2039,137
2023-02-21,1.2039,1.2148,1.1986,1.2109,1.2109,455
2023-02-22,1.2109,1.2136,1.2035,1.2047,1.2047,635
2023-02-23,1.2047,1.2075,1.1992,1.2017,1.2017,474
2023-02-24,1.2017,1.2042,1.1928,1.1941,1.1941,756
2023-02-26,1.1952,1.1957,1.1945,1.195,1.195,77
2023-02-27,1.195,1.2068,1.1923,1.2063,1.2063,249
2023-02-28,1.2062,1.2144,1.2014,1.2033,1.2033,424
2023-03-01,1.2033,1.2089,1.1965,1.2027,1.2027,584
2023-03-02,1.2027,1.2037,1.1925,1.195,1.195,863
2023-03-03,1.1949,1.2049,1.1949,1.2044,1.2044,27
2023-03-05,1.2041,1.2041,1.2027,1.2028,1.2028,137
2023-03-06,1.2028,1.2049,1.1993,1.2025,1.2025,307
2023-03-07,1.2025,1.2065,1.1822,1.1827,1.1827,1712
2023-03-08,1.1827,1.1859,1.1803,1.1849,1.1849,223
2023-03-09,1.185,1.1939,1.1832,1.1923,1.1923,165
2023-03-10,1.1923,1.2114,1.1908,1.2031,1.2031,143
2023-03-12,1.2074,1.2104,1.2069,1.2076,1.2076,58
2023-03-13,1.2076,1.22,1.2047,1.2167,1.2167,260
2023-03-14,1.2167,1.2204,1.2137,1.2151,1.2151,271
2023-03-15,1.2151,1.2182,1.2011,1.2067,1.2067,1174
2023-03-16,1.2067,1.2128,1.2028,1.211,1.211,350
2023-03-17,1.211,1.2201,1.2102,1.2178,1.2178,83
2023-03-19,1.2212,1.2214,1.2178,1.2187,1.2187,295
2023-03-20,1.2188,1.2285,1.2167,1.2274,1.2274,186
2023-03-21,1.2274,1.2283,1.2179,1.2225,1.2225,793
2023-03-22,1.2225,1.2335,1.2209,1.2278,1.2278,154
2023-03-23,1.2278,1.2344,1.2262,1.2281,1.2281,153
2023-03-24,1.2281,1.2289,1.2191,1.2231,1.2231,752
2023-03-26,1.2234,1.225,1.223,1.2245,1.2245,54
2023-03-27,1.2245,1.2298,1.2219,1.2297,1.2297,231
2023-03-28,1.2297,1.2349,1.2281,1.233,1.233,147
2023-03-29,1.2331,1.2362,1.2303,1.2311,1.2311,242
2023-03-30,1.2311,1.2393,1.2294,1.2387,1.2387,154
2023-03-31,1.2387,1.2423,1.2324,1.2329,1.2329,525
2023-04-02,1.2332,1.2333,1.2284,1.2286,1.2286,402
2023-04-03,1.2286,1.2426,1.2275,1.2421,1.2421,115
2023-04-04,1.2421,1.2525,1.2395,1.25,1.25,224
2023-04-05,1.2499,1.2514,1.2433,1.2463,1.2463,548
2023-04-06,1.2463,1.2487,1.2413,1.2438,1.2438,417
2023-04-07,1.2438,1.2456,1.239,1.2417,1.2417,411
2023-04-09,1.2417,1.2432,1.2417,1.2431,1.2431,20
2023-04-10,1.2431,1.2443,1.2345,1.2392,1.2392,714
2023-04-11,1.2392,1.2456,1.2387,1.243,1.243,59
2023-04-12,1.243,1.2496,1.2399,1.2492,1.2492,268
2023-04-13,1.2492,1.2538,1.2479,1.2525,1.2525,125
2023-04-14,1.2525,1.2547,1.2399,1.2415,1.2415,1021
2023-04-16,1.2413,1.2421,1.2398,1.2402,1.2402,142
2023-04-17,1.2401,1.2438,1.2354,1.2374,1.2374,403
2023-04-18,1.2374,1.245,1.2368,1.2425,1.2425,69
2023-04-19,1.2425,1.2474,1.2393,1.2428,1.2428,282
2023-04-20,1.2428,1.2468,1.2405,1.2441,1.2441,207
2023-04-21,1.244,1.2448,1.2367,1.2442,1.2442,607
2023-04-23,1.2448,1.2468,1.2414,1.245,1.245,0
2023-04-24,1.2447,1.25,1.2443,1.2499,1.2499,56
2023-04-25,1.2499,1.2507,1.2387,1.2414,1.2414,916
2023-04-26,1.2414,1.2515,1.2403,1.2471,1.2471,110
2023-04-27,1.2471,1.25,1.2437,1.2497,1.2497,295
2023-04-28,1.2497,1.2584,1.2447,1.2567,1.2567,421
2023-04-30,1.2562,1.2571,1.2557,1.2558,1.2558,66
2023-05-01,1.2558,1.2569,1.2481,1.2485,1.2485,637
2023-05-02,1.2485,1.2513,1.2436,1.2477,1.2477,411
2023-05-03,1.2477,1.259,1.2468,1.2569,1.2569,91
2023-05-04,1.257,1.2599,1.2548,1.2583,1.2583,190
2023-05-05,1.2583,1.2653,1.256,1.2632,1.2632,200
2023-05-07,1.2637,1.2638,1.2625,1.263,1.263,112
2023-05-08,1.263,1.2669,1.2611,1.2613,1.2613,171
2023-05-09,1.2613,1.264,1.2578,1.2624,1.2624,292
2023-05-10,1.2624,1.268,1.2603,1.2626,1.2626,190
2023-05-11,1.2626,1.2641,1.2497,1.2508,1.2508,1040
2023-05-12,1.2508,1.2541,1.2445,1.2448,1.2448,520
2023-05-14,1.2459,1.246,1.2445,1.2451,1.2451,131
2023-05-15,1.2451,1.2535,1.2445,1.2525,1.2525,67
2023-05-16,1.2525,1.2547,1.2466,1.2484,1.2484,492
2023-05-17,1.2484,1.2511,1.2422,1.2483,1.2483,520
2023-05-18,1.2482,1.2493,1.2392,1.2412,1.2412,746
2023-05-19,1.2412,1.2484,1.2392,1.2447,1.2447,175
2023-05-21,1.2448,1.2461,1.2447,1.2461,1.2461,31
2023-05-22,1.2461,1.2472,1.2414,1.2434,1.2434,397
2023-05-23,1.2434,1.2447,1.2373,1.2416,1.2416,513
2023-05-24,1.2417,1.247,1.2358,1.237,1.237,490
2023-05-25,1.237,1.2387,1.2308,1.2317,1.2317,518
2023-05-26,1.2317,1.2396,1.2311,1.2348,1.2348,64
2023-05-28,1.2344,1.2352,1.2343,1.2346,1.2346,30
2023-05-29,1.2345,1.2372,1.2335,1.2348,1.2348,101
2023-05-30,1.2348,1.2446,1.2327,1.2413,1.2413,185
2023-05-31,1.2413,1.245,1.2348,1.2446,1.2446,539
2023-06-01,1.2446,1.254,1.2401,1.2527,1.2527,375
2023-06-02,1.2527,1.2545,1.2442,1.2451,1.2451,696
2023-06-04,1.2455,1.2456,1.2427,1.2431,1.2431,244
2023-06-05,1.2431,1.2444,1.2369,1.2432,1.2432,517
2023-06-06,1.2432,1.2459,1.2392,1.2429,1.2429,344
2023-06-07,1.2429,1.25,1.2395,1.2445,1.2445,294
2023-06-08,1.2445,1.2564,1.2442,1.2558,1.2558,43
2023-06-09,1.2558,1.259,1.2534,1.258,1.258,210
2023-06-11,1.2573,1.2584,1.2572,1.258,1.258,23
2023-06-12,1.258,1.26,1.2487,1.2515,1.2515,757
2023-06-13,1.2515,1.2625,1.2514,1.2607,1.2607,31
2023-06-14,1.2607,1.2699,1.2601,1.2671,1.2671,66
2023-06-15,1.2671,1.2791,1.263,1.2785,1.2785,341
2023-06-16,1.2785,1.2848,1.2769,1.2823,1.2823,149
2023-06-18,1.2822,1.2833,1.2822,1.2831,1.2831,20
2023-06-19,1.2831,1.2837,1.277,1.2793,1.2793,491
2023-06-20,1.2793,1.2806,1.2714,1.2766,1.2766,639
2023-06-21,1.2766,1.2803,1.2691,1.2771,1.2771,601
2023-06-22,1.2771,1.2845,1.2726,1.2747,1.2747,371
2023-06-23,1.2747,1.2749,1.2686,1.2716,1.2716,500
2023-06-25,1.2712,1.2732,1.271,1.2729,1.2729,36
2023-06-26,1.2729,1.2749,1.2688,1.2711,1.2711,342
2023-06-27,1.2711,1.276,1.2704,1.2746,1.2746,77
2023-06-28,1.2746,1.2752,1.2607,1.2642,1.2642,1113
2023-06-29,1.2642,1.2667,1.2591,1.2613,1.2613,418
2023-06-30,1.2613,1.2728,1.26,1.2699,1.2699,129
2023-07-02,1.2704,1.2706,1.2693,1.2694,1.2694,107
2023-07-03,1.2694,1.2723,1.2659,1.2692,1.2692,297
2023-07-04,1.2692,1.2739,1.2684,1.2717,1.2717,86
2023-07-05,1.2717,1.2735,1.2688,1.2704,1.2704,248
2023-07-06,1.2704,1.2781,1.2674,1.2742,1.2742,262
2023-07-07,1.2742,1.285,1.2726,1.284,1.284,147
2023-07-09,1.2835,1.2842,1.2831,1.2838,1.2838,48
2023-07-10,1.2838,1.2869,1.2751,1.2864,1.2864,700
2023-07-11,1.2864,1.294,1.2858,1.2934,1.2934,66
2023-07-12,1.2934,1.3001,1.2904,1.2996,1.2996,250
2023-07-13,1.2996,1.3141,1.2985,1.3129,1.3129,108
2023-07-14,1.3129,1.3142,1.309,1.3093,1.3093,314
2023-07-16,1.3099,1.31,1.3086,1.309,1.309,113
2023-07-17,1.309,1.3109,1.3051,1.3072,1.3072,313
2023-07-18,1.3072,1.3126,1.3028,1.3034,1.3034,354
2023-07-19,1.3034,1.3039,1.2868,1.2937,1.2937,1293
2023-07-20,1.2937,1.2965,1.284,1.2873,1.2873,771
2023-07-21,1.2873,1.2904,1.2816,1.2853,1.2853,458
2023-07-23,1.2853,1.2858,1.2848,1.2852,1.2852,58
2023-07-24,1.2853,1.2884,1.2798,1.2812,1.2812,443
2023-07-25,1.2812,1.2905,1.281,1.2894,1.2894,40
2023-07-26,1.2894,1.2961,1.2876,1.2927,1.2927,158
2023-07-27,1.2927,1.2996,1.2782,1.2794,1.2794,1141
2023-07-28,1.2793,1.2887,1.2763,1.2848,1.2848,256
2023-07-30,1.2849,1.2859,1.2849,1.2854,1.2854,23
2023-07-31,1.2854,1.2873,1.2829,1.2832,1.2832,214
2023-08-01,1.2832,1.2839,1.2741,1.2795,1.2795,724
2023-08-02,1.2795,1.2799,1.268,1.2719,1.2719,914
2023-08-03,1.2719,1.2728,1.2621,1.2716,1.2716,795
2023-08-04,1.2716,1.2793,1.2686,1.2751,1.2751,255
2023-08-06,1.2753,1.2762,1.2746,1.2749,1.2749,76
2023-08-07,1.2749,1.2789,1.2713,1.2782,1.2782,298
2023-08-08,1.2782,1.2786,1.2685,1.2744,1.2744,779
2023-08-09,1.2744,1.2782,1.2712,1.272,1.272,266
2023-08-10,1.272,1.2819,1.267,1.2671,1.2671,412
2023-08-11,1.267,1.2739,1.2667,1.2698,1.2698,50
2023-08-13,1.2693,1.2707,1.2687,1.2694,1.2694,69
2023-08-14,1.2694,1.2715,1.2617,1.2686,1.2686,631
2023-08-15,1.2685,1.2753,1.2676,1.2701,1.2701,98
2023-08-16,1.2701,1.2766,1.2688,1.2728,1.2728,123
2023-08-17,1.2728,1.2788,1.2703,1.2748,1.2748,214
2023-08-18,1.2747,1.2766,1.2689,1.2734,1.2734,474
2023-08-20,1.2734,1.2743,1.2732,1.2741,1.2741,34
2023-08-21,1.2741,1.2767,1.2711,1.276,1.276,260
2023-08-22,1.276,1.28,1.2719,1.2732,1.2732,342
2023-08-23,1.2732,1.2765,1.2615,1.272,1.272,936
2023-08-24,1.272,1.2729,1.2586,1.2593,1.2593,1071
2023-08-25,1.2593,1.2655,1.2548,1.258,1.258,374
2023-08-27,1.2592,1.2611,1.2567,1.259,1.259,0
2023-08-28,1.2598,1.2616,1.2573,1.2611,1.2611,217
2023-08-29,1.2611,1.2655,1.2563,1.2636,1.2636,401
2023-08-30,1.2636,1.2747,1.2619,1.2711,1.2711,152
2023-08-31,1.2712,1.2735,1.2653,1.2672,1.2672,482
2023-09-01,1.2671,1.2713,1.2578,1.2588,1.2588,761
2023-09-03,1.2593,1.2594,1.2587,1.2591,1.2591,71
2023-09-04,1.2591,1.2643,1.2588,1.2623,1.2623,46
2023-09-05,1.2623,1.2632,1.2528,1.257,1.257,767
2023-09-06,1.257,1.2588,1.2482,1.2498,1.2498,720
2023-09-07,1.2498,1.2509,1.2446,1.2475,1.2475,440
2023-09-08,1.2476,1.2514,1.2451,1.2463,1.2463,213
2023-09-10,1.2473,1.2493,1.2472,1.2489,1.2489,26
2023-09-11,1.2489,1.2548,1.2482,1.2508,1.2508,73
2023-09-12,1.2508,1.253,1.246,1.2491,1.2491,408
2023-09-13,1.2491,1.2512,1.2435,1.249,1.249,472
2023-09-14,1.249,1.2506,1.2397,1.2401,1.2401,764
2023-09-15,1.2401,1.2446,1.2379,1.2384,1.2384,199
2023-09-17,1.2386,1.2398,1.2385,1.2398,1.2398,30
2023-09-18,1.2397,1.241,1.237,1.2383,1.2383,237
2023-09-19,1.2383,1.2425,1.237,1.2393,1.2393,126
2023-09-20,1.2393,1.2421,1.2324,1.2327,1.2327,576
2023-09-21,1.2327,1.2332,1.2234,1.2293,1.2293,773
2023-09-22,1.2293,1.2294,1.2231,1.2238,1.2238,525
2023-09-24,1.2248,1.2256,1.2239,1.2241,1.2241,91
2023-09-25,1.2241,1.2251,1.2194,1.2213,1.2213,404
2023-09-26,1.2213,1.2215,1.2144,1.2146,1.2146,583
2023-09-27,1.2146,1.2165,1.2111,1.2136,1.2136,313
2023-09-28,1.2136,1.2225,1.212,1.2204,1.2204,146
2023-09-29,1.2204,1.2272,1.2181,1.2204,1.2204,214
2023-10-01,1.2204,1.2209,1.218,1.2193,1.2193,213
2023-10-02,1.2193,1.222,1.2084,1.209,1.209,912
2023-10-03,1.209,1.2102,1.2053,1.2078,1.2078,332
2023-10-04,1.2078,1.2177,1.2037,1.2137,1.2137,352
2023-10-05,1.2137,1.2196,1.2108,1.2187,1.2187,261
2023-10-06,1.2187,1.2262,1.2106,1.2238,1.2238,687
2023-10-08,1.2204,1.2222,1.2201,1.222,1.222,46
2023-10-09,1.222,1.2252,1.2163,1.225,1.225,483
2023-10-10,1.225,1.2295,1.2212,1.229,1.229,326
2023-10-11,1.229,1.2338,1.2269,1.2315,1.2315,190
2023-10-12,1.2315,1.2332,1.2172,1.2183,1.2183,1186
2023-10-13,1.2183,1.2225,1.2123,1.2139,1.2139,513
2023-10-15,1.2144,1.2158,1.2136,1.2155,1.2155,84
2023-10-16,1.2155,1.222,1.2143,1.2212,1.2212,119
2023-10-17,1.2212,1.2216,1.2133,1.2178,1.2178,662
2023-10-18,1.2178,1.2211,1.2137,1.2142,1.2142,355
2023-10-19,1.2142,1.2192,1.209,1.2136,1.2136,442
2023-10-20,1.2136,1.217,1.2093,1.2164,1.2164,368
2023-10-22,1.2163,1.2166,1.2158,1.2163,1.2163,56
2023-10-23,1.2163,1.2259,1.2143,1.2249,1.2249,181
2023-10-24,1.2249,1.2289,1.2154,1.2162,1.2162,801
2023-10-25,1.2162,1.2176,1.2095,1.2102,1.2102,573
2023-10-26,1.2103,1.214,1.207,1.2136,1.2136,290
2023-10-27,1.2136,1.2163,1.2106,1.2123,1.2123,272
2023-10-29,1.2123,1.2127,1.2111,1.2113,1.2113,125
2023-10-30,1.2113,1.2175,1.209,1.2164,1.2164,207
2023-10-31,1.2164,1.2201,1.212,1.215,1.215,380
2023-11-01,1.2151,1.2182,1.2096,1.2182,1.2182,469
2023-11-02,1.2182,1.2226,1.2155,1.219,1.219,239
2023-11-03,1.219,1.239,1.2185,1.238,1.238,60
2023-11-05,1.2374,1.2378,1.2368,1.2372,1.2372,74
2023-11-06,1.2372,1.2429,1.2338,1.2344,1.2344,294
2023-11-07,1.2344,1.2347,1.2263,1.2291,1.2291,677
2023-11-08,1.2291,1.2302,1.2242,1.2285,1.2285,421
2023-11-09,1.2285,1.2309,1.2213,1.2216,1.2216,610
2023-11-10,1.2216,1.2238,1.2187,1.2227,1.2227,257
2023-11-12,1.2226,1.2232,1.2216,1.223,1.223,105
2023-11-13,1.223,1.2281,1.2223,1.228,1.228,72
2023-11-14,1.228,1.2506,1.2265,1.2494,1.2494,141
2023-11-15,1.2494,1.2498,1.2404,1.2422,1.2422,740
2023-11-16,1.2422,1.2456,1.2377,1.2414,1.2414,384
2023-11-17,1.2415,1.2465,1.2374,1.2462,1.2462,345
2023-11-19,1.2451,1.2518,1.2446,1.2504,1.2504,92328
2023-11-20,1.247,1.2518,1.2461,1.2508,1.2508,85
2023-11-21,1.2508,1.2559,1.2505,1.2544,1.2544,48
2023-11-22,1.2544,1.255,1.2449,1.2489,1.2489,772
2023-11-23,1.2489,1.2573,1.2489,1.2533,1.2533,22
2023-11-24,1.2533,1.2615,1.2525,1.2609,1.2609,86
2023-11-26,1.2603,1.2607,1.2599,1.26,1.26,58
2023-11-27,1.26,1.2644,1.2591,1.2635,1.2635,86
2023-11-28,1.2635,1.2715,1.2607,1.2713,1.2713,240
2023-11-29,1.2713,1.2733,1.2665,1.2695,1.2695,397
2023-11-30,1.2695,1.2711,1.2604,1.2631,1.2631,741
2023-12-01,1.2631,1.2716,1.2614,1.2711,1.2711,158
2023-12-03,1.2706,1.2725,1.2698,1.2711,1.2711,83
2023-12-04,1.2712,1.2713,1.2604,1.2634,1.2634,865
2023-12-05,1.2634,1.2652,1.2577,1.2595,1.2595,464
2023-12-06,1.2595,1.2614,1.2552,1.2558,1.2558,359
2023-12-07,1.2558,1.2613,1.2545,1.2588,1.2588,128
2023-12-08,1.2588,1.2602,1.2503,1.2549,1.2549,698
2023-12-10,1.2541,1.2555,1.2536,1.2554,1.2554,61
2023-12-11,1.2555,1.2591,1.2535,1.2554,1.2554,173
2023-12-12,1.2554,1.2616,1.2514,1.2569,1.2569,333
2023-12-13,1.2569,1.2635,1.2501,1.2621,1.2621,561
2023-12-14,1.2621,1.2794,1.2612,1.2771,1.2771,92
2023-12-15,1.2771,1.279,1.2669,1.2681,1.2681,819
2023-12-17,1.2676,1.2678,1.2666,1.2672,1.2672,97
2023-12-18,1.2672,1.2704,1.2629,1.2653,1.2653,358
2023-12-19,1.2653,1.2762,1.265,1.273,1.273,47
2023-12-20,1.273,1.273,1.2625,1.264,1.264,844
2023-12-21,1.264,1.2696,1.2612,1.2683,1.2683,239
2023-12-22,1.2683,1.2744,1.2679,1.2698,1.2698,53
2023-12-25,1.269,1.2713,1.2688,1.2704,1.2704,34
2023-12-26,1.2704,1.2731,1.2685,1.2726,1.2726,175
2023-12-27,1.2726,1.2803,1.2699,1.28,1.28,234
2023-12-28,1.28,1.2828,1.2713,1.2735,1.2735,702
2023-12-29,1.2735,1.2773,1.2701,1.2731,1.2731,286
2024-01-01,1.2728,1.2735,1.2721,1.2728,1.2728,74
2024-01-02,1.2728,1.276,1.2611,1.2623,1.2623,936
2024-01-03,1.2623,1.2677,1.2616,1.2673,1.2673,73
2024-01-04,1.2673,1.273,1.2657,1.2682,1.2682,147
2024-01-05,1.2682,1.2771,1.2612,1.2719,1.2719,571
2024-01-07,1.2721,1.2722,1.2709,1.2717,1.2717,119
2024-01-08,1.2717,1.2767,1.2674,1.2742,1.2742,364
2024-01-09,1.2741,1.2765,1.269,1.2711,1.2711,425
2024-01-10,1.2711,1.2745,1.2686,1.2744,1.2744,216
2024-01-11,1.2745,1.2786,1.269,1.2779,1.2779,445
2024-01-12,1.2779,1.2786,1.272,1.2754,1.2754,484
2024-01-14,1.2747,1.2752,1.2735,1.2736,1.2736,110
2024-01-15,1.2736,1.2766,1.2713,1.2716,1.2716,199
2024-01-16,1.2715,1.2717,1.262,1.2638,1.2638,772
2024-01-17,1.2638,1.2697,1.2597,1.2677,1.2677,346
2024-01-18,1.2677,1.2712,1.2648,1.2711,1.2711,247
2024-01-19,1.2711,1.2715,1.2662,1.2704,1.2704,412
2024-01-21,1.2692,1.2709,1.2691,1.27,1.27,25
2024-01-22,1.27,1.2733,1.2687,1.2706,1.2706,118
2024-01-23,1.2706,1.2747,1.2649,1.2692,1.2692,468
2024-01-24,1.2691,1.2775,1.2686,1.2718,1.2718,64
2024-01-25,1.2718,1.2743,1.2682,1.2706,1.2706,306
2024-01-26,1.2706,1.2759,1.2676,1.2702,1.2702,260
2024-01-28,1.2699,1.2705,1.2691,1.2697,1.2697,80
2024-01-29,1.2697,1.2719,1.2662,1.2713,1.2713,293
2024-01-30,1.2713,1.2721,1.264,1.2695,1.2695,588
2024-01-31,1.2695,1.2751,1.2658,1.268,1.268,308
2024-02-01,1.268,1.2756,1.2626,1.2746,1.2746,448
2024-02-02,1.2746,1.2772,1.2614,1.2633,1.2633,1056
2024-02-04,1.2635,1.2639,1.2611,1.2622,1.2622,209
2024-02-05,1.2622,1.263,1.2518,1.2534,1.2534,837
2024-02-06,1.2534,1.2606,1.2534,1.2604,1.2604,22
2024-02-07,1.2604,1.2642,1.2597,1.2627,1.2627,73
2024-02-08,1.2627,1.2639,1.2572,1.2621,1.2621,454
2024-02-09,1.2621,1.2643,1.2599,1.2628,1.2628,190
2024-02-11,1.2625,1.2637,1.2624,1.2637,1.2637,26
2024-02-12,1.2637,1.2655,1.2606,1.2627,1.2627,260
2024-02-13,1.2627,1.2695,1.2573,1.259,1.259,445
2024-02-14,1.259,1.2611,1.2536,1.2568,1.2568,452
2024-02-15,1.2568,1.2605,1.2541,1.2599,1.2599,230
2024-02-16,1.2599,1.2625,1.2551,1.2603,1.2603,399
2024-02-18,1.2607,1.2611,1.2599,1.2611,1.2611,81
2024-02-19,1.2611,1.263,1.2584,1.2588,1.2588,234
2024-02-20,1.2587,1.2669,1.258,1.2625,1.2625,81
2024-02-21,1.2625,1.2642,1.2603,1.2639,1.2639,196
2024-02-22,1.2638,1.271,1.2612,1.2662,1.2662,231
2024-02-23,1.2662,1.2701,1.2649,1.2671,1.2671,124
2024-02-25,1.2677,1.2683,1.2669,1.267,1.267,80
2024-02-26,1.2671,1.27,1.2657,1.2684,1.2684,128
2024-02-27,1.2684,1.2697,1.266,1.268,1.268,208
2024-02-28,1.2681,1.2684,1.2622,1.2662,1.2662,482
2024-02-29,1.2662,1.2682,1.2613,1.2627,1.2627,405
2024-03-01,1.2627,1.2664,1.26,1.2652,1.2652,233
2024-03-03,1.2654,1.2662,1.2651,1.2661,1.2661,39
2024-03-04,1.266,1.2707,1.2656,1.269,1.269,53
2024-03-05,1.269,1.2735,1.2671,1.2704,1.2704,164
2024-03-06,1.2704,1.2762,1.269,1.2736,1.2736,131
2024-03-07,1.2736,1.2814,1.2723,1.2813,1.2813,119
2024-03-08,1.2813,1.2894,1.2801,1.2858,1.2858,114
2024-03-10,1.2862,1.2864,1.2848,1.2856,1.2856,124
2024-03-11,1.2856,1.2862,1.2795,1.2818,1.2818,489
2024-03-12,1.2818,1.2824,1.2746,1.2795,1.2795,581
2024-03-13,1.2795,1.2811,1.2775,1.2801,1.2801,178
2024-03-14,1.2801,1.2823,1.2731,1.2745,1.2745,571
2024-03-15,1.2745,1.2759,1.2725,1.2736,1.2736,176
2024-03-17,1.2732,1.2738,1.273,1.2731,1.2731,37
2024-03-18,1.2731,1.2747,1.2718,1.2727,1.2727,125
2024-03-19,1.2727,1.2733,1.2668,1.2718,1.2718,482
2024-03-20,1.2718,1.2798,1.2685,1.2798,1.2798,282
2024-03-21,1.2798,1.2804,1.2651,1.2661,1.2661,1170
2024-03-22,1.2661,1.2675,1.2575,1.26,1.26,695
2024-03-24,1.2605,1.2607,1.2593,1.2598,1.2598,109
2024-03-25,1.2598,1.2652,1.2592,1.2637,1.2637,65
2024-03-26,1.2637,1.2668,1.2622,1.2628,1.2628,133
2024-03-27,1.2628,1.2641,1.2606,1.2617,1.2617,195
2024-03-28,1.2617,1.2655,1.2586,1.2622,1.2622,265
2024-03-29,1.2622,1.2645,1.261,1.2624,1.2624,115
2024-03-31,1.263,1.2643,1.2625,1.2638,1.2638,58
2024-04-01,1.2638,1.2642,1.254,1.2546,1.2546,795
2024-04-02,1.2546,1.2581,1.254,1.2576,1.2576,70
2024-04-03,1.2576,1.2656,1.2563,1.2651,1.2651,125
2024-04-04,1.2651,1.2684,1.2635,1.2639,1.2639,145
2024-04-05,1.2639,1.2649,1.2575,1.2638,1.2638,532
2024-04-07,1.263,1.2635,1.2621,1.2624,1.2624,93
2024-04-08,1.2624,1.2664,1.2614,1.2658,1.2658,103
2024-04-09,1.2658,1.2709,1.2649,1.2677,1.2677,89
2024-04-10,1.2677,1.2708,1.2521,1.2537,1.2537,1253
2024-04-11,1.2537,1.2579,1.2511,1.2555,1.2555,224
2024-04-12,1.2555,1.2559,1.2427,1.245,1.245,1039
2024-04-14,1.2446,1.2463,1.2442,1.246,1.246,57
2024-04-15,1.246,1.2499,1.2436,1.2446,1.2446,211
2024-04-16,1.2446,1.2472,1.2406,1.2431,1.2431,343
2024-04-17,1.2431,1.2482,1.2417,1.2453,1.2453,127
2024-04-18,1.2453,1.2484,1.2432,1.2435,1.2435,188
2024-04-19,1.2435,1.2468,1.2367,1.2371,1.2371,566
2024-04-21,1.2377,1.2383,1.2366,1.2376,1.2376,107
2024-04-22,1.2376,1.2393,1.23,1.235,1.235,635
2024-04-23,1.235,1.2459,1.2332,1.2454,1.2454,164
2024-04-24,1.2454,1.247,1.2423,1.2459,1.2459,272
2024-04-25,1.2459,1.2528,1.2454,1.2508,1.2508,60
2024-04-26,1.2508,1.2541,1.2449,1.2494,1.2494,485
2024-04-28,1.2484,1.251,1.2483,1.2509,1.2509,27
2024-04-29,1.251,1.257,1.2507,1.256,1.256,36
2024-04-30,1.256,1.2561,1.2488,1.2489,1.2489,587
2024-05-01,1.2489,1.255,1.2467,1.2537,1.2537,201
2024-05-02,1.2536,1.2545,1.2472,1.254,1.254,533
2024-05-03,1.254,1.2635,1.253,1.2547,1.2547,98
2024-05-05,1.2546,1.2554,1.2541,1.2541,1.2541,61
2024-05-06,1.2541,1.2595,1.2539,1.2559,1.2559,37
2024-05-07,1.2559,1.2571,1.2499,1.2502,1.2502,503
2024-05-08,1.2502,1.2505,1.2468,1.2494,1.2494,289
2024-05-09,1.2493,1.253,1.2446,1.2525,1.2525,397
2024-05-10,1.2525,1.2541,1.2503,1.2524,1.2524,198
2024-05-12,1.2519,1.2528,1.2518,1.2522,1.2522,31
2024-05-13,1.2522,1.2569,1.2518,1.256,1.256,53
2024-05-14,1.256,1.2593,1.251,1.2584,1.2584,422
2024-05-15,1.2584,1.2694,1.2584,1.2689,1.2689,22
2024-05-16,1.2689,1.2701,1.2644,1.2671,1.2671,377
2024-05-17,1.2672,1.2712,1.2645,1.2701,1.2701,229
2024-05-19,1.2697,1.2708,1.2694,1.2706,1.2706,47
2024-05-20,1.2706,1.2726,1.2689,1.271,1.271,151
2024-05-21,1.271,1.2727,1.2687,1.271,1.271,204
2024-05-22,1.271,1.2761,1.27,1.272,1.272,95
2024-05-23,1.272,1.2747,1.2686,1.2693,1.2693,292
2024-05-24,1.2693,1.2751,1.2676,1.2737,1.2737,156
2024-05-26,1.2737,1.2743,1.2734,1.2734,1.2734,44
2024-05-27,1.2734,1.2778,1.2734,1.2772,1.2772,20
2024-05-28,1.2772,1.2801,1.2754,1.2758,1.2758,159
2024-05-29,1.2758,1.2772,1.2696,1.2698,1.2698,502
2024-05-30,1.2698,1.2747,1.2681,1.2729,1.2729,153
2024-05-31,1.2729,1.2766,1.27,1.2742,1.2742,246
2024-06-02,1.274,1.2746,1.2737,1.2744,1.2744,43
2024-06-03,1.2744,1.2813,1.2695,1.281,1.281,409
2024-06-04,1.281,1.2818,1.2743,1.2773,1.2773,541
2024-06-05,1.2773,1.2795,1.2756,1.2794,1.2794,153
2024-06-06,1.2794,1.2809,1.2763,1.2792,1.2792,263
2024-06-07,1.2792,1.2816,1.2716,1.2718,1.2718,615
2024-06-09,1.2729,1.2732,1.2718,1.2728,1.2728,102
2024-06-10,1.2728,1.2737,1.2688,1.2726,1.2726,336
2024-06-11,1.2726,1.2752,1.2706,1.274,1.274,177
2024-06-12,1.274,1.286,1.2733,1.2796,1.2796,72
2024-06-13,1.2796,1.2808,1.2738,1.2754,1.2754,474
2024-06-14,1.2754,1.2764,1.2657,1.2686,1.2686,778
2024-06-16,1.2689,1.2689,1.2678,1.2684,1.2684,99
2024-06-17,1.2683,1.2714,1.2659,1.2714,1.2714,211
2024-06-18,1.2714,1.2721,1.2669,1.2707,1.2707,373
2024-06-19,1.2707,1.274,1.27,1.272,1.272,72
2024-06-20,1.272,1.2721,1.2655,1.266,1.266,534
2024-06-21,1.266,1.2678,1.2622,1.2644,1.2644,316
2024-06-23,1.2641,1.2646,1.2636,1.2638,1.2638,57
2024-06-24,1.2638,1.2698,1.2633,1.2682,1.2682,64
2024-06-25,1.2682,1.2703,1.267,1.2684,1.2684,112
2024-06-26,1.2684,1.2694,1.2616,1.2621,1.2621,558
2024-06-27,1.2621,1.2671,1.2613,1.2644,1.2644,84
2024-06-28,1.2645,1.2666,1.262,1.2645,1.2645,215
2024-06-30,1.2657,1.2658,1.2641,1.2649,1.2649,145
2024-07-01,1.2649,1.2711,1.2633,1.2645,1.2645,142
2024-07-02,1.2645,1.2692,1.2616,1.2688,1.2688,256
2024-07-03,1.2688,1.2777,1.2678,1.2747,1.2747,93
2024-07-04,1.2748,1.2768,1.2741,1.2755,1.2755,67
2024-07-05,1.2755,1.2817,1.2755,1.2815,1.2815,20
2024-07-07,1.2799,1.2816,1.2793,1.2806,1.2806,72
2024-07-08,1.2806,1.2846,1.28,1.2815,1.2815,67
2024-07-09,1.2816,1.2825,1.2778,1.2788,1.2788,312
2024-07-10,1.2788,1.2854,1.2784,1.2854,1.2854,49
2024-07-11,1.2854,1.2949,1.285,1.2924,1.2924,55
2024-07-12,1.2924,1.2991,1.2902,1.2989,1.2989,185
2024-07-14,1.2972,1.2984,1.2963,1.2967,1.2967,90
2024-07-15,1.2967,1.2995,1.2962,1.297,1.297,60
2024-07-16,1.297,1.298,1.2939,1.2978,1.2978,259
2024-07-17,1.2978,1.3044,1.2966,1.3008,1.3008,106
2024-07-18,1.3008,1.3013,1.294,1.2949,1.2949,542
2024-07-19,1.2949,1.2949,1.2901,1.2913,1.2913,389
2024-07-21,1.2918,1.294,1.2911,1.2933,1.2933,72
2024-07-22,1.2933,1.2942,1.2906,1.2931,1.2931,228
2024-07-23,1.2931,1.2935,1.2888,1.2901,1.2901,354
2024-07-24,1.2901,1.2938,1.2878,1.2898,1.2898,202
2024-07-25,1.2898,1.2914,1.285,1.2855,1.2855,393
2024-07-26,1.2855,1.2878,1.285,1.2867,1.2867,62
2024-07-28,1.2863,1.2874,1.2863,1.2867,1.2867,20
2024-07-29,1.2866,1.2888,1.2807,1.286,1.286,483
2024-07-30,1.286,1.2865,1.282,1.2838,1.2838,326
2024-07-31,1.2838,1.2864,1.2821,1.2853,1.2853,150
2024-08-01,1.2853,1.2861,1.2727,1.2728,1.2728,1001
2024-08-02,1.2728,1.284,1.2707,1.2804,1.2804,181
2024-08-04,1.281,1.2812,1.2782,1.2788,1.2788,240
2024-08-05,1.2788,1.2817,1.271,1.2788,1.2788,627
2024-08-06,1.2788,1.2803,1.2673,1.2684,1.2684,922
2024-08-07,1.2684,1.2736,1.2678,1.2683,1.2683,66
2024-08-08,1.2683,1.2753,1.2665,1.2746,1.2746,160
2024-08-09,1.2746,1.2774,1.2726,1.2758,1.2758,171
2024-08-11,1.2763,1.2766,1.2749,1.2749,1.2749,128
2024-08-12,1.2749,1.2794,1.2747,1.2771,1.2771,34
2024-08-13,1.2771,1.2873,1.2764,1.2865,1.2865,76
2024-08-14,1.2866,1.2869,1.2817,1.2825,1.2825,393
2024-08-15,1.2825,1.2872,1.2799,1.2859,1.2859,219
2024-08-16,1.2859,1.2946,1.2858,1.2945,1.2945,31
2024-08-18,1.2939,1.2951,1.2937,1.2947,1.2947,35
2024-08-19,1.2947,1.2997,1.294,1.2989,1.2989,68
2024-08-20,1.299,1.3053,1.2975,1.3034,1.3034,135
2024-08-21,1.3034,1.312,1.3011,1.3093,1.3093,194
2024-08-22,1.3092,1.313,1.3077,1.3097,1.3097,139
2024-08-23,1.3097,1.323,1.3092,1.3217,1.3217,56
2024-08-25,1.3217,1.3222,1.3204,1.3214,1.3214,117
2024-08-26,1.3214,1.3222,1.318,1.3192,1.3192,278
2024-08-27,1.3192,1.3267,1.318,1.3255,1.3255,107
2024-08-28,1.3255,1.3261,1.3168,1.3193,1.3193,680
2024-08-29,1.3193,1.3227,1.3146,1.3165,1.3165,381
2024-08-30,1.3166,1.32,1.311,1.3126,1.3126,443
2024-09-01,1.3134,1.3136,1.3126,1.313,1.313,80
2024-09-02,1.313,1.3155,1.312,1.314,1.314,93
2024-09-03,1.3141,1.3147,1.3088,1.3113,1.3113,421
2024-09-04,1.3113,1.3175,1.3101,1.3144,1.3144,108
2024-09-05,1.3144,1.3186,1.3137,1.3176,1.3176,73
2024-09-06,1.3176,1.3239,1.311,1.313,1.313,520
2024-09-08,1.3125,1.3139,1.3125,1.3132,1.3132,20
2024-09-09,1.3131,1.3143,1.3068,1.3071,1.3071,501
2024-09-10,1.3071,1.3108,1.305,1.308,1.308,181
2024-09-11,1.308,1.3111,1.3002,1.3038,1.3038,612
2024-09-12,1.3038,1.3133,1.3032,1.3133,1.3133,65
2024-09-13,1.3133,1.3158,1.3115,1.3125,1.3125,156
2024-09-15,1.3123,1.3137,1.3121,1.3135,1.3135,36
2024-09-16,1.3135,1.3219,1.3135,1.321,1.321,20
2024-09-17,1.321,1.323,1.3146,1.3167,1.3167,505
2024-09-18,1.3168,1.3298,1.3157,1.3203,1.3203,102
2024-09-19,1.3203,1.3315,1.3154,1.3281,1.3281,394
2024-09-20,1.3281,1.334,1.3268,1.3323,1.3323,117
2024-09-22,1.3316,1.3323,1.3312,1.3312,1.3312,50
2024-09-23,1.3312,1.336,1.3249,1.3349,1.3349,495
2024-09-24,1.3349,1.3428,1.3332,1.3427,1.3427,148
2024-09-25,1.3427,1.343,1.3313,1.3314,1.3314,872
2024-09-26,1.3314,1.3434,1.3313,1.3411,1.3411,28
2024-09-27,1.3411,1.3428,1.336,1.3373,1.3373,397
2024-09-29,1.3375,1.3384,1.3372,1.3383,1.3383,39
2024-09-30,1.3383,1.3423,1.335,1.3377,1.3377,263
2024-10-01,1.3378,1.339,1.3237,1.3274,1.3274,1068
2024-10-02,1.3274,1.3306,1.3246,1.3263,1.3263,234
2024-10-03,1.3263,1.3265,1.3092,1.3129,1.3129,1305
2024-10-04,1.3129,1.3175,1.307,1.3125,1.3125,467
2024-10-06,1.3115,1.3125,1.3111,1.3123,1.3123,52
2024-10-07,1.3123,1.3135,1.3059,1.3084,1.3084,506
2024-10-08,1.3085,1.3113,1.3064,1.3093,1.3093,174
2024-10-09,1.3093,1.3103,1.3056,1.3066,1.3066,304
2024-10-10,1.3067,1.3094,1.3022,1.3061,1.3061,360
2024-10-11,1.3061,1.3083,1.3042,1.3069,1.3069,168
2024-10-13,1.3069,1.3069,1.3047,1.3049,1.3049,187
2024-10-14,1.3048,1.3072,1.303,1.3067,1.3067,159
2024-10-15,1.3067,1.3103,1.3036,1.3065,1.3065,262
2024-10-16,1.3065,1.3078,1.2977,1.2991,1.2991,692
2024-10-17,1.2991,1.3023,1.2974,1.3015,1.3015,151
2024-10-18,1.3015,1.3071,1.3011,1.3053,1.3053,48
2024-10-20,1.3046,1.3058,1.3043,1.3052,1.3052,44
2024-10-21,1.3052,1.3053,1.2977,1.2983,1.2983,593
2024-10-22,1.2983,1.3015,1.2945,1.2981,1.2981,311
2024-10-23,1.2981,1.2995,1.2907,1.2916,1.2916,586
2024-10-24,1.2916,1.2988,1.2912,1.2972,1.2972,50
2024-10-25,1.2972,1.2999,1.2956,1.2962,1.2962,141
2024-10-27,1.2965,1.2969,1.2956,1.2958,1.2958,84
2024-10-28,1.2957,1.3002,1.294,1.2975,1.2975,156
2024-10-29,1.2975,1.3017,1.2958,1.3011,1.3011,145
2024-10-30,1.3011,1.3044,1.2937,1.2958,1.2958,589
2024-10-31,1.2958,1.3,1.2844,1.2897,1.2897,903
2024-11-01,1.2897,1.298,1.2885,1.292,1.292,115
2024-11-03,1.297,1.2971,1.295,1.2953,1.2953,174
2024-11-04,1.2953,1.2993,1.2934,1.2954,1.2954,160
2024-11-05,1.2954,1.3048,1.2948,1.3043,1.3043,64
2024-11-06,1.3043,1.3044,1.2834,1.2883,1.2883,1617
2024-11-07,1.2883,1.3009,1.2876,1.2983,1.2983,70
2024-11-08,1.2983,1.2984,1.2884,1.292,1.292,785
2024-11-10,1.2909,1.2918,1.2906,1.2916,1.2916,42
2024-11-11,1.2915,1.2926,1.2856,1.2874,1.2874,478
2024-11-12,1.2874,1.2874,1.2719,1.2737,1.2737,1217
2024-11-13,1.2737,1.277,1.2687,1.2707,1.2707,417
2024-11-14,1.2708,1.272,1.263,1.2667,1.2667,631
2024-11-15,1.2667,1.2697,1.2597,1.262,1.262,570
2024-11-17,1.2625,1.2625,1.261,1.2619,1.2619,138
2024-11-18,1.2619,1.2687,1.2613,1.2679,1.2679,68
2024-11-19,1.2679,1.2694,1.2613,1.2694,1.2694,535
2024-11-20,1.2694,1.2715,1.2631,1.2656,1.2656,517
2024-11-21,1.2656,1.266,1.2577,1.2585,1.2585,644
2024-11-22,1.2585,1.2594,1.2487,1.2533,1.2533,794
2024-11-24,1.2592,1.2597,1.2575,1.2593,1.2593,155
2024-11-25,1.2593,1.2613,1.253,1.2532,1.2532,519
2024-11-26,1.2532,1.2617,1.2507,1.2574,1.2574,219
2024-11-27,1.2574,1.2695,1.2567,1.2677,1.2677,75
2024-11-28,1.2677,1.2696,1.2645,1.2696,1.2696,273
2024-11-29,1.2696,1.275,1.2672,1.2737,1.2737,203
2024-12-01,1.273,1.2736,1.2696,1.2701,1.2701,282
2024-12-02,1.2702,1.2723,1.2617,1.2659,1.2659,682
2024-12-03,1.2659,1.27,1.2637,1.2674,1.2674,191
2024-12-04,1.2674,1.2722,1.263,1.2701,1.2701,367
2024-12-05,1.2701,1.2771,1.2693,1.276,1.276,82
2024-12-06,1.2761,1.2811,1.2722,1.2741,1.2741,325
2024-12-08,1.2737,1.2752,1.2737,1.2748,1.2748,21
2024-12-09,1.2749,1.2799,1.2717,1.2749,1.2749,266
2024-12-10,1.2749,1.278,1.2724,1.278,1.278,212
2024-12-11,1.278,1.2782,1.2713,1.2765,1.2765,537
2024-12-12,1.2765,1.2788,1.2667,1.2677,1.2677,793
2024-12-13,1.2677,1.2679,1.2609,1.2618,1.2618,7114569
2024-12-14,1.2618,1.2622,1.2618,1.2622,1.2622,86070
2024-12-15,1.2619,1.2627,1.2612,1.2627,1.2627,13124
2024-12-16,1.2627,1.2698,1.2627,1.269,1.269,4167626
2024-12-17,1.269,1.2728,1.2666,1.271,1.271,4079276
2024-12-18,1.271,1.2722,1.2562,1.2567,1.2567,4887081
2024-12-19,1.2567,1.2667,1.2495,1.2497,1.2497,4995070
2024-12-20,1.2497,1.2614,1.2475,1.2566,1.2566,4629708
2024-12-21,1.2566,1.2568,1.2566,1.2566,1.2566,83870
2024-12-23,1.2574,1.2584,1.251,1.2533,1.2533,4713109
2024-12-24,1.2533,1.2574,1.2519,1.2538,1.2538,4708173
2024-12-25,1.2539,1.2554,1.2531,1.2544,1.2544,621230
2024-12-26,1.2544,1.2548,1.2501,1.2528,1.2528,5956362
2024-12-27,1.2528,1.2592,1.2505,1.2572,1.2572,7112719
2024-12-28,1.2573,1.2575,1.2572,1.2575,1.2575,83363
2024-12-29,1.2577,1.2587,1.2567,1.2578,1.2578,11270
2024-12-30,1.2578,1.2607,1.2507,1.2548,1.2548,4585654
2024-12-31,1.2548,1.2569,1.2506,1.2514,1.2514,5115863
2025-01-01,1.2516,1.2522,1.2506,1.252,1.252,152474
2025-01-02,1.252,1.254,1.2355,1.238,1.238,9859237
2025-01-03,1.238,1.2434,1.2378,1.2419,1.2419,8656463
2025-01-04,1.2419,1.2422,1.2419,1.2421,1.2421,77361
2025-01-05,1.2419,1.2434,1.2417,1.2425,1.2425,15229
2025-01-06,1.2425,1.2551,1.2418,1.251,1.251,6001528
2025-01-07,1.251,1.2575,1.2473,1.2477,1.2477,4517404
2025-01-08,1.2476,1.2494,1.2321,1.2358,1.2358,4998513
2025-01-09,1.2358,1.2365,1.2239,1.2298,1.2298,3570878
2025-01-10,1.2298,1.2322,1.2194,1.2207,1.2207,7588292
2025-01-11,1.2207,1.2207,1.2206,1.2207,1.2207,115491
2025-01-12,1.2207,1.2211,1.2189,1.2204,1.2204,790298
2025-01-13,1.2204,1.225,1.21,1.2232,1.2232,20603268
2025-01-14,1.2232,1.2246,1.2139,1.2211,1.2211,22499840
2025-01-15,1.221,1.2306,1.2163,1.2242,1.2242,24635307
2025-01-16,1.2243,1.226,1.2176,1.2235,1.2235,30737000
2025-01-17,1.2234,1.2244,1.2161,1.2163,1.2163,23349369
2025-01-18,1.2163,1.2165,1.2163,1.2163,1.2163,3962
2025-01-19,1.2163,1.2177,1.2161,1.2174,1.2174,773795
2025-01-20,1.2174,1.2344,1.2166,1.2332,1.2332,2114264
2025-01-21,1.2331,1.236,1.2229,1.2339,1.2339,25458874
2025-01-22,1.2339,1.2376,1.2307,1.2314,1.2314,26287111
2025-01-23,1.2314,1.2375,1.2293,1.2354,1.2354,26734091
2025-01-24,1.2354,1.2502,1.2348,1.2479,1.2479,26288478
2025-01-25,1.2479,1.2484,1.2479,1.2479,1.2479,2913
2025-01-26,1.2479,1.2482,1.2456,1.2458,1.2458,1206803
2025-01-27,1.2458,1.2523,1.2426,1.245,1.245,22498948
2025-01-28,1.2451,1.2465,1.2415,1.2441,1.2441,21808077
2025-01-29,1.2441,1.2463,1.2393,1.2455,1.2455,24413669
2025-01-30,1.2455,1.2476,1.2408,1.2423,1.2423,27003657
2025-01-31,1.2423,1.2471,1.2386,1.239,1.239,29018124
2025-02-01,1.239,1.2392,1.239,1.239,1.239,3328
2025-02-02,1.239,1.2391,1.2275,1.229,1.229,2158692
2025-02-03,1.229,1.2455,1.2249,1.2433,1.2433,29623995
2025-02-04,1.2433,1.2493,1.2379,1.2475,1.2475,18026793
2025-02-05,1.2476,1.255,1.2463,1.2501,1.2501,18933851
2025-02-06,1.2501,1.2509,1.2363,1.2434,1.2434,19751460
2025-02-07,1.2434,1.249,1.2377,1.2397,1.2397,21201659
2025-02-08,1.2397,1.24,1.2397,1.24,1.24,1370
2025-02-09,1.2409,1.2409,1.2372,1.2389,1.2389,1150980
2025-02-10,1.239,1.2422,1.2354,1.236,1.236,11378067
2025-02-11,1.236,1.2454,1.2333,1.2451,1.2451,16777273
2025-02-12,1.2452,1.2484,1.2378,1.2451,1.2451,23177482
2025-02-13,1.245,1.257,1.2443,1.2565,1.2565,26298154
2025-02-14,1.2565,1.263,1.255,1.2585,1.2585,19045867
2025-02-15,1.2585,1.2585,1.2585,1.2585,1.2585,3468
2025-02-16,1.2585,1.2591,1.2578,1.2584,1.2584,976939
2025-02-17,1.2584,1.2635,1.2579,1.2621,1.2621,13207811
2025-02-18,1.2621,1.264,1.2583,1.2624,1.2624,13938780
2025-02-19,1.2624,1.2635,1.2563,1.2583,1.2583,14524990
2025-02-20,1.2583,1.2674,1.258,1.2669,1.2669,13932420
2025-02-21,1.2669,1.2678,1.2625,1.2632,1.2632,11793762
2025-02-22,1.2632,1.2632,1.2631,1.2632,1.2632,1974
2025-02-23,1.2631,1.2658,1.263,1.2649,1.2649,855425
2025-02-24,1.2649,1.269,1.2612,1.2617,1.2617,14827497
2025-02-25,1.2617,1.2677,1.2606,1.2672,1.2672,13290295
2025-02-26,1.2672,1.2715,1.2636,1.2681,1.2681,13359708
2025-02-27,1.2681,1.2689,1.2596,1.2597,1.2597,12636640
2025-02-28,1.2597,1.2622,1.2559,1.2577,1.2577,20608538
2025-03-01,1.2577,1.2578,1.2577,1.2577,1.2577,3479
2025-03-02,1.2577,1.2608,1.257,1.2602,1.2602,703841
2025-03-03,1.2602,1.2722,1.2583,1.2702,1.2702,23604774
2025-03-04,1.2702,1.28,1.2679,1.2795,1.2795,27097058
2025-03-05,1.2796,1.2901,1.2768,1.289,1.289,26925922
2025-03-06,1.289,1.2924,1.2866,1.2884,1.2884,25740524
2025-03-07,1.2884,1.2945,1.2876,1.292,1.292,24447341
2025-03-08,1.292,1.2922,1.292,1.292,1.292,2676
2025-03-09,1.2922,1.2938,1.2899,1.2932,1.2932,804241
2025-03-10,1.2932,1.2947,1.2861,1.2875,1.2875,23241022
2025-03-11,1.2875,1.2966,1.2873,1.2944,1.2944,23030069
2025-03-12,1.2944,1.2988,1.2914,1.2964,1.2964,18868242
2025-03-13,1.2964,1.2973,1.2921,1.2957,1.2957,21048831
2025-03-14,1.2957,1.2959,1.2911,1.2932,1.2932,20303855
2025-03-15,1.2932,1.2934,1.2932,1.2934,1.2934,726
2025-03-16,1.2934,1.2936,1.2923,1.2927,1.2927,1076218
2025-03-17,1.2927,1.2999,1.2927,1.2984,1.2984,17482609
2025-03-18,1.2984,1.301,1.2952,1.3,1.3,16641681
2025-03-19,1.3,1.3012,1.2955,1.301,1.301,14063020
2025-03-20,1.301,1.3015,1.2936,1.2965,1.2965,16258545
2025-03-21,1.2965,1.2971,1.2888,1.2911,1.2911,17049749
2025-03-22,1.2911,1.2918,1.2911,1.2918,1.2918,1992
2025-03-23,1.2915,1.2926,1.2887,1.2925,1.2925,558253
2025-03-24,1.2925,1.2974,1.2896,1.2923,1.2923,19013553
2025-03-25,1.2923,1.2967,1.2902,1.2945,1.2945,18218077
2025-03-26,1.2945,1.2946,1.2871,1.2877,1.2877,19631714
2025-03-27,1.2877,1.2992,1.2877,1.2951,1.2951,18969659
2025-03-28,1.2951,1.2968,1.2923,1.2938,1.2938,14028993
2025-03-29,1.2941,1.2941,1.2938,1.2938,1.2938,4043
2025-03-30,1.2938,1.2943,1.2922,1.2938,1.2938,1503312
2025-03-31,1.2938,1.2973,1.2887,1.292,1.292,18924675
2025-04-01,1.292,1.2941,1.2879,1.2921,1.2921,15079273
2025-04-02,1.2921,1.3052,1.2901,1.3046,1.3046,19954393
2025-04-03,1.3046,1.3205,1.3026,1.3089,1.3089,21873923
2025-04-04,1.3089,1.3114,1.2853,1.2891,1.2891,22803966
2025-04-05,1.2891,1.2892,1.2887,1.289,1.289,1144
2025-04-06,1.2889,1.2932,1.2825,1.2909,1.2909,2952866
2025-04-07,1.2909,1.2934,1.2709,1.2733,1.2733,21737304
2025-04-08,1.2733,1.2814,1.2725,1.2786,1.2786,20854262
2025-04-09,1.2787,1.2863,1.2744,1.2825,1.2825,23259420
2025-04-10,1.2825,1.2997,1.2822,1.2991,1.2991,16182849
2025-04-11,1.2991,1.3145,1.2985,1.3085,1.3085,20378181
2025-04-12,1.308,1.3085,1.3077,1.3085,1.3085,3462
2025-04-13,1.308,1.3102,1.3063,1.3084,1.3084,1991094
2025-04-14,1.3084,1.3201,1.3084,1.3173,1.3173,19049639
2025-04-15,1.3173,1.3252,1.3164,1.3231,1.3231,18840874
2025-04-16,1.3231,1.3292,1.3214,1.3233,1.3233,15614716
2025-04-17,1.3233,1.3273,1.3203,1.3268,1.3268,18878826
2025-04-18,1.3268,1.3299,1.3258,1.3294,1.3294,24554195
2025-04-19,1.3294,1.3295,1.3294,1.3294,1.3294,3206
2025-04-20,1.3294,1.332,1.3273,1.3315,1.3315,1625040
2025-04-21,1.3315,1.3422,1.3315,1.338,1.338,19284058
2025-04-22,1.338,1.3424,1.3234,1.3273,1.3273,21770605
2025-04-23,1.3273,1.3339,1.325,1.3265,1.3265,23802765
2025-04-24,1.3265,1.3349,1.3259,1.3327,1.3327,28304288
2025-04-25,1.3327,1.3332,1.3274,1.3314,1.3314,15959129
2025-04-26,1.3314,1.3314,1.3314,1.3314,1.3314,894
2025-04-27,1.3314,1.3314,1.3288,1.329,1.329,589795
2025-04-28,1.329,1.3444,1.328,1.3435,1.3435,19825549
2025-04-29,1.3435,1.3442,1.338,1.3412,1.3412,18189268
2025-04-30,1.3412,1.3415,1.3309,1.3321,1.3321,18364040
2025-05-01,1.3321,1.3345,1.326,1.3286,1.3286,19265131
2025-05-02,1.3286,1.3331,1.3262,1.3264,1.3264,20257757
2025-05-03,1.3264,1.3266,1.3264,1.3264,1.3264,1512
2025-05-04,1.3265,1.3276,1.3257,1.327,1.327,603926
2025-05-05,1.327,1.3337,1.3262,1.3291,1.3291,20608054
2025-05-06,1.3291,1.3402,1.326,1.3352,1.3352,18980320
2025-05-07,1.3352,1.3377,1.328,1.329,1.329,21972806
2025-05-08,1.329,1.3356,1.3233,1.324,1.324,21285292
2025-05-09,1.324,1.3323,1.3212,1.3298,1.3298,20780953
2025-05-10,1.3298,1.3298,1.3298,1.3298,1.3298,1186
2025-05-11,1.3298,1.3304,1.3258,1.3285,1.3285,1416308
2025-05-12,1.3285,1.3299,1.314,1.3178,1.3178,20092250
2025-05-13,1.3178,1.3316,1.3174,1.3304,1.3304,18055767
2025-05-14,1.3304,1.336,1.3254,1.3264,1.3264,21253288
2025-05-15,1.3264,1.3319,1.3259,1.3303,1.3303,18259140
2025-05-16,1.3303,1.3333,1.3251,1.3277,1.3277,15900749
2025-05-17,1.3277,1.3281,1.3272,1.3272,1.3272,3935
2025-05-18,1.3278,1.3305,1.327,1.3305,1.3305,551356
2025-05-19,1.3305,1.3404,1.3291,1.3359,1.3359,21924670
2025-05-20,1.3359,1.3398,1.3335,1.3397,1.3397,17729426
2025-05-21,1.3397,1.3469,1.3389,1.3421,1.3421,25975628
2025-05-22,1.3421,1.3441,1.3391,1.342,1.342,17333010
2025-05-23,1.342,1.3542,1.3419,1.3534,1.3534,27355803
2025-05-24,1.3534,1.3535,1.3534,1.3535,1.3535,1420
2025-05-25,1.3535,1.3542,1.3522,1.3538,1.3538,1423814
2025-05-26,1.3538,1.3593,1.3536,1.3565,1.3565,13801990
2025-05-27,1.3566,1.3587,1.35,1.3514,1.3514,16634756
2025-05-28,1.3514,1.3522,1.3416,1.3428,1.3428,19705141
2025-05-29,1.3428,1.3507,1.3419,1.3499,1.3499,21513306
2025-05-30,1.3499,1.3511,1.3448,1.3451,1.3451,19476119
2025-05-31,1.3451,1.3456,1.3451,1.3452,1.3452,4066
2025-06-01,1.3457,1.3474,1.345,1.3469,1.3469,1113774
2025-06-02,1.3469,1.3559,1.3468,1.3557,1.3557,16708555
2025-06-03,1.3557,1.3558,1.3492,1.353,1.353,11773533
2025-06-04,1.3531,1.358,1.3501,1.3551,1.3551,16816982
2025-06-05,1.3551,1.3616,1.354,1.3579,1.3579,15720862
2025-06-06,1.3579,1.3585,1.3507,1.3521,1.3521,13901978
2025-06-07,1.3521,1.3524,1.3521,1.3522,1.3522,1776
2025-06-08,1.3523,1.354,1.3521,1.3537,1.3537,733267
2025-06-09,1.3537,1.3581,1.3525,1.3554,1.3554,13555957
2025-06-10,1.3554,1.3564,1.3457,1.3507,1.3507,15721210
2025-06-11,1.3508,1.3573,1.3464,1.3568,1.3568,17457990
2025-06-12,1.3568,1.363,1.3523,1.3629,1.3629,19901382
2025-06-13,1.3629,1.3632,1.3517,1.357,1.357,19527751
2025-06-14,1.357,1.3571,1.357,1.357,1.357,888
2025-06-15,1.357,1.357,1.3539,1.3549,1.3549,852120
2025-06-16,1.3549,1.3622,1.3534,1.3568,1.3568,18241944
2025-06-17,1.3568,1.358,1.3415,1.3429,1.3429,15758056
2025-06-18,1.3429,1.3476,1.3401,1.3414,1.3414,20591367
2025-06-19,1.3414,1.348,1.3383,1.3477,1.3477,17861748
2025-06-20,1.3477,1.3511,1.3441,1.3445,1.3445,18617346
2025-06-21,1.3445,1.3447,1.3445,1.3446,1.3446,1636
2025-06-22,1.3447,1.3449,1.3399,1.3435,1.3435,1605063
2025-06-23,1.3435,1.3555,1.3371,1.3545,1.3545,24247252
2025-06-24,1.3545,1.3648,1.3535,1.3615,1.3615,19957305
2025-06-25,1.3615,1.3692,1.3591,1.369,1.369,16117859
2025-06-26,1.369,1.3771,1.3677,1.3725,1.3725,19760739
2025-06-27,1.3725,1.3753,1.3683,1.3714,1.3714,21986533
2025-06-28,1.3714,1.3716,1.3714,1.3714,1.3714,796
2025-06-29,1.3717,1.3728,1.3705,1.3719,1.3719,1296050
2025-06-30,1.3719,1.3741,1.3675,1.3731,1.3731,22676414
2025-07-01,1.3731,1.3789,1.3704,1.3746,1.3746,24658733
2025-07-02,1.3746,1.3753,1.3563,1.3649,1.3649,22438830
2025-07-03,1.3649,1.3676,1.3586,1.3666,1.3666,22373230
2025-07-04,1.3666,1.3681,1.3635,1.364,1.364,17749657
2025-07-05,1.3639,1.3652,1.3638,1.3652,1.3652,2783
2025-07-06,1.3652,1.3661,1.363,1.3651,1.3651,1060375
2025-07-07,1.3651,1.3658,1.3575,1.3624,1.3624,22465228
2025-07-08,1.3624,1.3647,1.3526,1.3585,1.3585,23250541
2025-07-09,1.3585,1.362,1.3564,1.3598,1.3598,22123659
2025-07-10,1.3598,1.3619,1.3533,1.358,1.358,23846419
2025-07-11,1.358,1.3581,1.3482,1.3486,1.3486,20288727
2025-07-12,1.3486,1.3488,1.3485,1.3485,1.3485,1270
2025-07-13,1.3487,1.3499,1.3481,1.3496,1.3496,1663854
2025-07-14,1.3495,1.3504,1.3421,1.3428,1.3428,23213350
2025-07-15,1.3428,1.3467,1.3379,1.3393,1.3393,20457252
2025-07-16,1.3393,1.3482,1.3365,1.341,1.341,15713987
2025-07-17,1.341,1.3435,1.3375,1.3431,1.3431,15426351
2025-07-18,1.3431,1.3475,1.3404,1.3404,1.3404,12511245
2025-07-19,1.3404,1.3406,1.3404,1.3404,1.3404,2536
2025-07-20,1.3404,1.3433,1.3402,1.3415,1.3415,1412550
2025-07-21,1.3415,1.351,1.3402,1.3489,1.3489,19200504
2025-07-22,1.3489,1.3535,1.3462,1.3521,1.3521,20539424
2025-07-23,1.3521,1.3587,1.3515,1.3579,1.3579,17449920
2025-07-24,1.3579,1.3589,1.3503,1.3509,1.3509,18000074
2025-07-25,1.3509,1.3512,1.3417,1.3434,1.3434,17293968
2025-07-26,1.3434,1.3434,1.343,1.3434,1.3434,3019
2025-07-27,1.3433,1.3448,1.3425,1.3438,1.3438,1685539
2025-07-28,1.3438,1.3453,1.3351,1.336,1.336,18443465
2025-07-29,1.336,1.3364,1.3308,1.3354,1.3354,21705721
2025-07-30,1.3354,1.3385,1.3229,1.3256,1.3256,24682170
2025-07-31,1.3256,1.3282,1.3186,1.3208,1.3208,29364786
2025-08-01,1.3208,1.331,1.3141,1.3278,1.3278,25021717
2025-08-02,1.3278,1.328,1.3278,1.3278,1.3278,2036
2025-08-03,1.3278,1.3292,1.3265,1.3291,1.3291,1803448
2025-08-04,1.3291,1.3331,1.3254,1.3297,1.3297,25709888
2025-08-05,1.3298,1.3316,1.326,1.3299,1.3299,27982789
2025-08-06,1.3298,1.3368,1.3282,1.3358,1.3358,21414020
2025-08-07,1.3358,1.3453,1.3346,1.3451,1.3451,25469522
2025-08-08,1.3451,1.3459,1.3418,1.3449,1.3449,21147690
2025-08-09,1.3449,1.3449,1.3447,1.3449,1.3449,1516
2025-08-10,1.3448,1.3453,1.3432,1.3443,1.3443,997316
2025-08-11,1.3443,1.3477,1.34,1.3434,1.3434,20517542
2025-08-12,1.3434,1.3524,1.342,1.3504,1.3504,28056978
2025-08-13,1.3504,1.3586,1.3493,1.3585,1.3585,20206084
2025-08-14,1.3585,1.3595,1.3521,1.353,1.353,25071575
2025-08-15,1.353,1.3575,1.3527,1.355,1.355,19852828
2025-08-16,1.3551,1.3554,1.3551,1.3551,1.3551,3446
2025-08-17,1.3551,1.3568,1.3541,1.3556,1.3556,1149583
2025-08-18,1.3556,1.3565,1.3501,1.3508,1.3508,15661141
2025-08-19,1.3508,1.3531,1.3477,1.3485,1.3485,19420975
2025-08-20,1.3485,1.3509,1.3448,1.3466,1.3466,19268839
2025-08-21,1.3466,1.3483,1.3406,1.3418,1.3418,21008056
2025-08-22,1.3418,1.3544,1.3391,1.3523,1.3523,17951994
2025-08-23,1.3523,1.3527,1.3522,1.3522,1.3522,1499
2025-08-24,1.3523,1.3529,1.3508,1.3509,1.3509,1411340
2025-08-25,1.3509,1.3527,1.3446,1.3455,1.3455,15261375
2025-08-26,1.3455,1.3493,1.3435,1.3477,1.3477,22431838
2025-08-27,1.3477,1.3506,1.3417,1.3504,1.3504,19098175
2025-08-28,1.3504,1.3531,1.3483,1.3508,1.3508,22812339
2025-08-29,1.3508,1.3517,1.3446,1.3503,1.3503,21520578
2025-08-30,1.3503,1.3504,1.3503,1.3503,1.3503,1741
2025-08-31,1.3504,1.3509,1.3492,1.3503,1.3503,1171503
2025-09-01,1.3503,1.355,1.3502,1.3546,1.3546,17067412
2025-09-02,1.3546,1.3548,1.334,1.3382,1.3382,28755066
2025-09-03,1.3382,1.3458,1.3333,1.3441,1.3441,26781805
2025-09-04,1.3441,1.3459,1.3416,1.3444,1.3444,28321450
2025-09-05,1.3444,1.3554,1.3442,1.3506,1.3506,24217373
2025-09-06,1.3506,1.3506,1.3506,1.3506,1.3506,1706
2025-09-07,1.3506,1.3507,1.3482,1.3493,1.3493,2293683
2025-09-08,1.3493,1.3558,1.3484,1.3553,1.3553,26228835
2025-09-09,1.3553,1.3591,1.3518,1.3521,1.3521,30862791
2025-09-10,1.3521,1.3564,1.3514,1.3534,1.3534,21545617
2025-09-11,1.3534,1.3583,1.3494,1.3574,1.3574,27161704
2025-09-12,1.3574,1.3576,1.3524,1.3556,1.3556,25464162
2025-09-13,1.3556,1.3559,1.3556,1.3557,1.3557,616
2025-09-14,1.3556,1.3565,1.3547,1.3553,1.3553,1362277
2025-09-15,1.3553,1.362,1.3549,1.3602,1.3602,21402775
2025-09-16,1.3601,1.3672,1.3598,1.3653,1.3653,30157620
2025-09-17,1.3653,1.3726,1.3619,1.3629,1.3629,20713449
2025-09-18,1.3629,1.366,1.3534,1.3555,1.3555,27887084
2025-09-19,1.3555,1.3559,1.3463,1.3466,1.3466,23290446
2025-09-20,1.3466,1.3467,1.3466,1.3466,1.3466,830
2025-09-21,1.3467,1.3473,1.3463,1.3463,1.3463,1810938
2025-09-22,1.3463,1.3521,1.3453,1.3514,1.3514,18495272
2025-09-23,1.3514,1.3537,1.3487,1.3524,1.3524,17068708
2025-09-24,1.3524,1.3526,1.3427,1.3449,1.3449,20286412
2025-09-25,1.3449,1.3467,1.3324,1.3335,1.3335,21649709
2025-09-26,1.3335,1.3413,1.3329,1.3399,1.3399,15601638
2025-09-27,1.3399,1.3404,1.3399,1.3399,1.3399,1328
2025-09-28,1.3402,1.3411,1.3394,1.3407,1.3407,751326
2025-09-29,1.3408,1.3457,1.3407,1.3435,1.3435,14822417
2025-09-30,1.3435,1.3467,1.3413,1.3443,1.3443,17189070
2025-10-01,1.3443,1.3527,1.3435,1.3478,1.3478,17541878
2025-10-02,1.3478,1.351,1.3401,1.3446,1.3446,17529077
2025-10-03,1.3446,1.3486,1.3429,1.3478,1.3478,14401618
2025-10-04,1.3478,1.348,1.3478,1.3479,1.3479,1251
2025-10-05,1.3479,1.348,1.3423,1.3432,1.3432,2143362
2025-10-06,1.3432,1.349,1.3416,1.3484,1.3484,16432488
2025-10-07,1.3484,1.3484,1.3392,1.342,1.342,16734860
2025-10-08,1.342,1.3439,1.3371,1.34,1.34,21788344
2025-10-09,1.34,1.3419,1.328,1.3303,1.3303,22447932
2025-10-10,1.3303,1.337,1.3262,1.336,1.336,18609200
2025-10-11,1.336,1.336,1.3357,1.3358,1.3358,843
2025-10-12,1.3356,1.3358,1.3331,1.3336,1.3336,1236438
2025-10-13,1.3336,1.3366,1.3315,1.3332,1.3332,22046239
2025-10-14,1.3332,1.3352,1.3249,1.3322,1.3322,31825889
2025-10-15,1.3322,1.3408,1.332,1.3403,1.3403,26385457
2025-10-16,1.3403,1.3455,1.34,1.3444,1.3444,27889457
2025-10-17,1.3444,1.3471,1.3391,1.3424,1.3424,20359312
2025-10-18,1.3424,1.3427,1.3424,1.3426,1.3426,1082
2025-10-19,1.3426,1.3433,1.3421,1.3425,1.3425,1240160
2025-10-20,1.3425,1.3443,1.34,1.3404,1.3404,19460919
2025-10-21,1.3404,1.3416,1.3361,1.3365,1.3365,23062190
2025-10-22,1.3365,1.3387,1.3306,1.335,1.335,22263319
2025-10-23,1.3351,1.3357,1.3308,1.3327,1.3327,21332638
2025-10-24,1.3327,1.3359,1.3287,1.3304,1.3304,19352721
2025-10-25,1.3308,1.331,1.3304,1.3306,1.3306,1287
2025-10-26,1.3308,1.3328,1.3308,1.3321,1.3321,1569679
2025-10-27,1.3321,1.3353,1.3311,1.334,1.334,18002185
2025-10-28,1.334,1.337,1.3248,1.3278,1.3278,19631270
2025-10-29,1.3278,1.328,1.314,1.3195,1.3195,22837452
2025-10-30,1.3195,1.3219,1.3117,1.3159,1.3159,25315988
2025-10-31,1.3159,1.3165,1.3097,1.3151,1.3151,29959344
2025-11-01,1.3151,1.3151,1.3144,1.3144,1.3144,2806
2025-11-02,1.3144,1.3151,1.3125,1.3134,1.3134,1790561
2025-11-03,1.3134,1.3162,1.3109,1.3134,1.3134,24273926
2025-11-04,1.3135,1.3139,1.301,1.3021,1.3021,32534979
2025-11-05,1.3021,1.3054,1.301,1.3052,1.3052,28629418
2025-11-06,1.3052,1.3143,1.305,1.314,1.314,30575197
2025-11-07,1.314,1.3175,1.3095,1.3157,1.3157,30831270
2025-11-08,1.3157,1.316,1.3157,1.316,1.316,2753
2025-11-09,1.316,1.3164,1.314,1.3141,1.3141,1417725
2025-11-10,1.3141,1.3191,1.3137,1.3172,1.3172,30380317
2025-11-11,1.3172,1.3185,1.3117,1.3152,1.3152,34943819
2025-11-12,1.3152,1.3155,1.3085,1.3128,1.3128,31073666
2025-11-13,1.3128,1.3216,1.3101,1.3153,1.3153,39595734
2025-11-14,1.3153,1.3199,1.3108,1.3168,1.3168,32532362
2025-11-15,1.3168,1.3169,1.3168,1.3168,1.3168,861
2025-11-16,1.3169,1.3174,1.3156,1.3159,1.3159,1548641
2025-11-17,1.3159,1.3193,1.3136,1.3155,1.3155,29522848
2025-11-18,1.3156,1.3177,1.3134,1.3147,1.3147,34664781
2025-11-19,1.3147,1.3155,1.3044,1.306,1.306,32183096
2025-11-20,1.306,1.3124,1.3038,1.3083,1.3083,38648306
2025-11-21,1.3083,1.311,1.3039,1.3094,1.3094,39701534
2025-11-22,1.3094,1.3102,1.3094,1.3094,1.3094,1794
2025-11-23,1.3099,1.3104,1.3091,1.3096,1.3096,1109458
2025-11-24,1.3096,1.3118,1.3081,1.3106,1.3106,31034339
2025-11-25,1.3106,1.3215,1.3095,1.3158,1.3158,35070053
2025-11-26,1.3158,1.3247,1.3125,1.3245,1.3245,35712055
2025-11-27,1.3245,1.3269,1.321,1.324,1.324,26969975
2025-11-28,1.324,1.3255,1.32,1.3235,1.3235,41349857
2025-11-29,1.3234,1.3235,1.3233,1.3235,1.3235,241
2025-11-30,1.3234,1.3249,1.3225,1.3239,1.3239,1732125
2025-12-01,1.3239,1.3275,1.3205,1.3209,1.3209,36537518
2025-12-02,1.3209,1.3222,1.318,1.322,1.322,34952266
2025-12-03,1.322,1.3354,1.3218,1.3348,1.3348,30617058
2025-12-04,1.3348,1.3385,1.3321,1.3322,1.3322,31945124
2025-12-05,1.3322,1.3363,1.3317,1.3333,1.3333,28991440
2025-12-06,1.3333,1.3333,1.3329,1.3329,1.3329,2344
2025-12-07,1.3329,1.3333,1.3323,1.3326,1.3326,1565635
2025-12-08,1.3326,1.3347,1.3306,1.3327,1.3327,28002823
2025-12-09,1.3327,1.3356,1.3288,1.3303,1.3303,28116686
2025-12-10,1.3303,1.3392,1.3296,1.3389,1.3389,30666357
2025-12-11,1.3389,1.3438,1.335,1.3393,1.3393,33016060
2025-12-12,1.3393,1.34,1.3343,1.3372,1.3372,25667084
2025-12-13,1.3366,1.3375,1.3364,1.3372,1.3372,99
2025-12-14,1.3371,1.338,1.3364,1.3367,1.3367,1155693
2025-12-15,1.3367,1.3402,1.3355,1.3379,1.3379,29260713
2025-12-16,1.3379,1.3456,1.3355,1.3426,1.3426,33649561
2025-12-17,1.3426,1.3427,1.3312,1.3374,1.3374,30921956
2025-12-18,1.3374,1.3447,1.3341,1.3383,1.3383,31163437
2025-12-19,1.3383,1.3394,1.3357,1.3377,1.3377,28318640
2025-12-20,1.3376,1.3376,1.3376,1.3376,1.3376,2099
2025-12-21,1.3376,1.3387,1.3374,1.3379,1.3379,2155061
2025-12-22,1.3379,1.3478,1.3379,1.3468,1.3468,26821326
2025-12-23,1.3468,1.3524,1.3468,1.3513,1.3513,30208227
2025-12-24,1.3513,1.3534,1.3492,1.3503,1.3503,27327861
2025-12-25,1.3503,1.3524,1.3502,1.3508,1.3508,1935375
2025-12-26,1.3508,1.3527,1.3478,1.3499,1.3499,24069484
2025-12-27,1.3499,1.3499,1.3499,1.3499,1.3499,1411
2025-12-28,1.3499,1.3503,1.349,1.3497,1.3497,1501645
2025-12-29,1.3497,1.3516,1.3469,1.3509,1.3509,32312987
2025-12-30,1.3509,1.3531,1.345,1.3466,1.3466,30450962
2025-12-31,1.3466,1.3484,1.3402,1.3476,1.3476,26856495
2026-01-01,1.3476,1.3479,1.343,1.3474,1.3474,916834
2026-01-02,1.3474,1.3502,1.3434,1.3459,1.3459,26592429
2026-01-03,1.346,1.3461,1.346,1.3461,1.3461,2762
2026-01-04,1.3461,1.3461,1.3437,1.3438,1.3438,1203038
2026-01-05,1.3438,1.3548,1.3414,1.3533,1.3533,31814135
2026-01-06,1.3533,1.3568,1.3492,1.35,1.35,32904129
2026-01-07,1.35,1.3517,1.3456,1.3459,1.3459,29567893
2026-01-08,1.3459,1.3466,1.3416,1.3436,1.3436,31297364
2026-01-09,1.3436,1.3451,1.3393,1.3407,1.3407,27082873
2026-01-10,1.3407,1.341,1.3399,1.3409,1.3409,15311
2026-01-11,1.3405,1.3428,1.3392,1.3394,1.3394,888825
2026-01-12,1.3394,1.3486,1.3391,1.3466,1.3466,29326822
2026-01-13,1.3466,1.3495,1.3421,1.3426,1.3426,28894138
2026-01-14,1.3426,1.3464,1.342,1.344,1.344,24075502
2026-01-15,1.344,1.3445,1.3363,1.3381,1.3381,26868840
2026-01-16,1.3381,1.3413,1.3367,1.3372,1.3372,21668126
2026-01-17,1.3375,1.3382,1.3344,1.3381,1.3381,18736
2026-01-18,1.3381,1.3407,1.3333,1.3402,1.3402,1636136
2026-01-19,1.3402,1.3435,1.3382,1.3419,1.3419,15075307
2026-01-20,1.3419,1.3491,1.3411,1.3441,1.3441,30640385
2026-01-21,1.344,1.3459,1.3402,1.3418,1.3418,24125042
2026-01-22,1.3418,1.3509,1.3402,1.35,1.35,26305973
2026-01-23,1.35,1.3647,1.3483,1.3644,1.3644,24373602
2026-01-24,1.3643,1.3648,1.3619,1.3635,1.3635,18664
2026-01-25,1.3634,1.3683,1.361,1.3664,1.3664,1460664
2026-01-26,1.3664,1.3713,1.3643,1.3675,1.3675,29088976
2026-01-27,1.3675,1.3868,1.3664,1.3827,1.3827,34176343
2026-01-28,1.3827,1.3831,1.375,1.3825,1.3825,32218210
2026-01-29,1.3825,1.3848,1.3743,1.3808,1.3808,36550356
2026-01-30,1.3808,1.3814,1.368,1.3689,1.3689,33887749
2026-01-31,1.3689,1.37,1.3684,1.3694,1.3694,18439
2026-02-01,1.369,1.3719,1.3663,1.3676,1.3676,1910627
2026-02-02,1.3676,1.3715,1.3623,1.3673,1.3673,36431266
2026-02-03,1.3673,1.3707,1.3651,1.3697,1.3697,33434518
2026-02-04,1.3697,1.3733,1.3643,1.3646,1.3646,28156809
2026-02-05,1.3646,1.3654,1.3518,1.3521,1.3521,35319589
2026-02-06,1.3521,1.3623,1.3509,1.3611,1.3611,25472228
2026-02-07,1.3611,1.3613,1.361,1.3611,1.3611,5884
2026-02-08,1.361,1.3611,1.3588,1.361,1.361,1315079
2026-02-09,1.361,1.37,1.3587,1.3683,1.3683,27975662
2026-02-10,1.3683,1.3697,1.3632,1.3633,1.3633,25318387
2026-02-11,1.3633,1.3712,1.361,1.3623,1.3623,26433101
2026-02-12,1.3623,1.3671,1.3605,1.3619,1.3619,30381375
2026-02-13,1.3619,1.366,1.3591,1.3653,1.3653,24869612
2026-02-14,1.3653,1.3656,1.3647,1.3647,1.3647,8851
2026-02-15,1.365,1.3653,1.364,1.3647,1.3647,1454857
2026-02-16,1.3647,1.3662,1.3623,1.3627,1.3627,16709243
2026-02-17,1.3627,1.3629,1.3496,1.3563,1.3563,30849689
2026-02-18,1.3563,1.3582,1.3492,1.3495,1.3495,23695138
2026-02-19,1.3495,1.3517,1.3434,1.346,1.346,28119236
2026-02-20,1.346,1.3515,1.3435,1.3482,1.3482,29893343
2026-02-21,1.3481,1.3492,1.3478,1.3492,1.3492,17871
2026-02-22,1.3489,1.3533,1.3472,1.3532,1.3532,1709737
2026-02-23,1.3532,1.3535,1.3476,1.3496,1.3496,24273447
2026-02-24,1.3496,1.3536,1.347,1.3496,1.3496,23706228
2026-02-25,1.3496,1.3566,1.3491,1.3558,1.3558,21075431
2026-02-26,1.3558,1.3575,1.3445,1.3491,1.3491,23836558
2026-02-27,1.3491,1.3508,1.344,1.3484,1.3484,24254486
2026-02-28,1.3484,1.3489,1.3483,1.3488,1.3488,99801
2026-03-01,1.3489,1.3489,1.3403,1.3406,1.3406,2258824
2026-03-02,1.3406,1.3456,1.3315,1.3409,1.3409,28230755
2026-03-03,1.3409,1.3425,1.3253,1.3352,1.3352,41983491
2026-03-04,1.3352,1.3403,1.3304,1.337,1.337,27832885
2026-03-05,1.3369,1.3387,1.3298,1.3356,1.3356,37916738
2026-03-06,1.3357,1.3414,1.3312,1.341,1.341,37026422
2026-03-07,1.341,1.3417,1.3394,1.3403,1.3403,432922
2026-03-08,1.3403,1.3415,1.33,1.3306,1.3306,2876654
2026-03-09,1.3306,1.3447,1.3283,1.3424,1.3424,34601523
2026-03-10,1.3424,1.3483,1.341,1.3419,1.3419,32936173
2026-03-11,1.3419,1.3457,1.3377,1.3382,1.3382,24605998
2026-03-12,1.3382,1.341,1.3336,1.3352,1.3352,30056642
2026-03-13,1.3353,1.337,1.3211,1.3218,1.3218,33625554
2026-03-14,1.3218,1.3369,1.3215,1.3236,1.3236,435663
2026-03-15,1.3229,1.3275,1.3191,1.3247,1.3247,2530516
2026-03-16,1.3247,1.334,1.3231,1.3313,1.3313,22424817
2026-03-17,1.3313,1.3365,1.3274,1.3358,1.3358,26292167
2026-03-18,1.3358,1.3375,1.3251,1.3264,1.3264,28755727
2026-03-19,1.3264,1.3467,1.3246,1.3425,1.3425,35644777
2026-03-20,1.3425,1.3437,1.3299,1.3336,1.3336,24292592
2026-03-21,1.3336,1.3349,1.3331,1.3333,1.3333,433002
2026-03-22,1.3333,1.3351,1.33,1.3332,1.3332,1672828
2026-03-23,1.3333,1.3479,1.3257,1.3426,1.3426,41800310
2026-03-24,1.3426,1.3445,1.3353,1.3415,1.3415,37429821
2026-03-25,1.3416,1.3436,1.3358,1.3363,1.3363,31480893
2026-03-26,1.3363,1.3378,1.331,1.3335,1.3335,29440733
2026-03-27,1.3335,1.3347,1.3252,1.3262,1.3262,23402847
2026-03-28,1.3263,1.3268,1.3261,1.3261,1.3261,149909
2026-03-29,1.3271,1.3349,1.3235,1.3264,1.3264,871
2026-03-30,1.3238,1.3282,1.3169,1.3172,1.3172,33028668
2026-03-31,1.3172,1.3264,1.316,1.3243,1.3243,33052137
2026-04-01,1.3243,1.3347,1.322,1.3302,1.3302,37044699
2026-04-02,1.3302,1.332,1.3182,1.3231,1.3231,27714984
2026-04-03,1.3231,1.3243,1.319,1.3199,1.3199,12782283
2026-04-04,1.3198,1.32,1.3192,1.3193,1.3193,88437
2026-04-05,1.3196,1.321,1.3156,1.3187,1.3187,2425506
2026-04-06,1.3187,1.3268,1.3186,1.3234,1.3234,24733027
2026-04-07,1.3234,1.3409,1.3212,1.3401,1.3401,29748651
2026-04-08,1.34,1.3484,1.338,1.3393,1.3393,35176236
2026-04-09,1.3393,1.3458,1.3381,1.343,1.343,29143292
2026-04-10,1.343,1.3479,1.3411,1.3454,1.3454,22607043
2026-04-11,1.3455,1.3464,1.3452,1.3459,1.3459,436775
2026-04-12,1.3463,1.3467,1.3381,1.3394,1.3394,2933992
2026-04-13,1.3394,1.3516,1.3386,1.3516,1.3516,25997350
2026-04-14,1.3516,1.359,1.3504,1.3575,1.3575,26830384
2026-04-15,1.3575,1.3579,1.3544,1.3573,1.3573,21996656
2026-04-16,1.3573,1.3595,1.3517,1.3526,1.3526,19520487
2026-04-17,1.3526,1.3599,1.3505,1.3522,1.3522,32776711
2026-04-18,1.3522,1.3522,1.3516,1.3518,1.3518,117746
2026-04-19,1.3517,1.3528,1.3475,1.3483,1.3483,2629102
2026-04-20,1.3483,1.3544,1.3479,1.3531,1.3531,23652072
2026-04-21,1.3531,1.354,1.3476,1.3509,1.3509,28765505
